t,imu_roll,imu_pitch,pid_roll,pid_pitch
1780018817.6653,0.000087,0.003928,-0.000017,-0.000786
1780018817.6807,0.000078,0.003927,-0.000001,-0.000786
1780018817.6966,0.000057,0.003869,0.000022,-0.000686
1780018817.7123,-0.000064,0.003911,0.000206,-0.000854
1780018817.7282,-0.000170,0.003878,0.000199,-0.000729
1780018817.7443,-0.000263,0.003820,0.000199,-0.000682
1780018817.7601,-0.000347,0.003756,0.000202,-0.000659
1780018817.7757,-0.000422,0.003691,0.000204,-0.000647
1780018817.7880,-0.000487,0.003631,0.000231,-0.000615
1780018817.7947,-0.000544,0.003576,0.000323,-0.000520
1780018817.8016,-0.000591,0.003527,0.000289,-0.000545
1780018817.8081,-0.000629,0.003487,0.000274,-0.000554
1780018817.8151,-0.000658,0.003455,0.000236,-0.000591
1780018817.8220,-0.000677,0.003432,0.000206,-0.000621
1780018817.8290,-0.000687,0.003420,0.000172,-0.000656
1780018817.8361,-0.000686,0.003419,0.000136,-0.000695
1780018817.8429,-0.000674,0.003429,0.000095,-0.000739
1780018817.8498,-0.000652,0.003450,0.000053,-0.000785
1780018817.8568,-0.000619,0.003484,0.000007,-0.000835
1780018817.8637,-0.000575,0.003529,-0.000044,-0.000889
1780018817.8776,-0.000518,0.003588,0.000004,-0.000843
1780018817.8846,-0.000449,0.003660,-0.000155,-0.001012
1780018817.8915,-0.000368,0.003746,-0.000216,-0.001079
1780018817.8985,-0.000274,0.003846,-0.000283,-0.001153
1780018817.9054,-0.000166,0.003961,-0.000350,-0.001226
1780018817.9124,-0.000045,0.004090,-0.000424,-0.001307
1780018817.9193,0.000090,0.004235,-0.000503,-0.001392
1780018817.9333,0.000239,0.004395,-0.000313,-0.001191
1780018817.9402,0.000404,0.004571,-0.000679,-0.001581
1780018817.9471,0.000585,0.004764,-0.000764,-0.001672
1780018817.9541,0.000804,0.005008,-0.000949,-0.001909
1780018817.9613,0.001055,0.005285,-0.001081,-0.002049
1780018817.9680,0.001340,0.005602,-0.001327,-0.002331
1780018817.9749,0.001674,0.005947,-0.001537,-0.002461
1780018817.9819,0.002050,0.006340,-0.001762,-0.002715
1780018817.9889,0.002469,0.006781,-0.001996,-0.002970
1780018817.9958,0.002933,0.007272,-0.002249,-0.003247
1780018818.0028,0.003445,0.007814,-0.002535,-0.003555
1780018818.0097,0.004003,0.008413,-0.002816,-0.003882
1780018818.0175,0.004611,0.009071,-0.002873,-0.003960
1780018818.0240,0.005269,0.009790,-0.003608,-0.004787
1780018818.0306,0.005893,0.010305,-0.003544,-0.004054
1780018818.0375,0.006460,0.010618,-0.003335,-0.003293
1780018818.0445,0.006957,0.010735,-0.003188,-0.002612
1780018818.0514,0.007372,0.010658,-0.002974,-0.001903
1780018818.0584,0.007795,0.010514,-0.003089,-0.001636
1780018818.0653,0.008219,0.010334,-0.003179,-0.001469
1780018818.0723,0.008641,0.010125,-0.003258,-0.001326
1780018818.0792,0.009057,0.009890,-0.003323,-0.001188
1780018818.0862,0.009463,0.009632,-0.003367,-0.001055
1780018818.0931,0.009856,0.009350,-0.003397,-0.000919
1780018818.1004,0.010233,0.009046,-0.003366,-0.000819
1780018818.1070,0.010589,0.008721,-0.003480,-0.000582
1780018818.1140,0.010922,0.008375,-0.003404,-0.000493
1780018818.1212,0.011227,0.008009,-0.003334,-0.000392
1780018818.1279,0.011502,0.007624,-0.003348,-0.000159
1780018818.1348,0.011741,0.007221,-0.003239,-0.000061
1780018818.1418,0.011942,0.006800,-0.003141,0.000084
1780018818.1487,0.012101,0.006362,-0.003023,0.000236
1780018818.1559,0.012213,0.005908,-0.002867,0.000332
1780018818.1626,0.012274,0.005438,-0.002720,0.000586
1780018818.1696,0.012281,0.004951,-0.002520,0.000689
1780018818.1765,0.012229,0.004449,-0.002302,0.000841
1780018818.1835,0.012115,0.003932,-0.002056,0.001002
1780018818.1974,0.011947,0.003411,-0.002135,0.000179
1780018818.2043,0.011713,0.002873,-0.001549,0.001287
1780018818.2113,0.011407,0.002317,-0.001232,0.001460
1780018818.2182,0.011022,0.001742,-0.000872,0.001644
1780018818.2252,0.010557,0.001142,-0.000498,0.001852
1780018818.2321,0.010009,0.000514,-0.000088,0.002081
1780018818.2391,0.009374,-0.000148,0.000351,0.002333
1780018818.2463,0.008733,-0.000573,0.000426,0.001520
1780018818.2530,0.008106,-0.000762,0.000647,0.000778
1780018818.2600,0.007505,-0.000716,0.000598,-0.000096
1780018818.2669,0.006942,-0.000437,0.000576,-0.000994
1780018818.2739,0.006326,-0.000050,0.000878,-0.001453
1780018818.2878,0.005753,0.000121,-0.000187,-0.000407
1780018818.2947,0.005120,0.000211,0.001185,-0.000444
1780018818.3022,0.004440,0.000263,0.001322,-0.000300
1780018818.3086,0.003724,0.000288,0.001964,-0.000231
1780018818.3225,0.002977,0.000291,0.000676,-0.000140
1780018818.3295,0.002206,0.000275,0.002266,-0.000075
1780018818.3364,0.001418,0.000240,0.002480,0.000004
1780018818.3434,0.000619,0.000185,0.002675,0.000084
1780018818.3503,-0.000187,0.000111,0.002878,0.000168
1780018818.3573,-0.000994,0.000019,0.003015,0.000249
1780018818.3642,-0.001797,-0.000090,0.003180,0.000336
1780018818.3712,-0.002591,-0.000218,0.003304,0.000425
1780018818.3781,-0.003371,-0.000363,0.003409,0.000518
1780018818.3851,-0.004131,-0.000525,0.003489,0.000614
1780018818.3920,-0.004867,-0.000706,0.003550,0.000715
1780018818.3990,-0.005574,-0.000905,0.003589,0.000821
1780018818.4062,-0.006247,-0.001123,0.003513,0.000903
1780018818.4129,-0.006882,-0.001360,0.003688,0.001082
1780018818.4198,-0.007488,-0.001628,0.003615,0.001217
1780018818.4268,-0.008050,-0.001913,0.003572,0.001332
1780018818.4337,-0.008565,-0.002217,0.003503,0.001462
1780018818.4409,-0.009020,-0.002555,0.003329,0.001615
1780018818.4476,-0.009421,-0.002912,0.003317,0.001837
1780018818.4546,-0.009766,-0.003285,0.003140,0.001927
1780018818.4615,-0.010054,-0.003673,0.002990,0.002057
1780018818.4685,-0.010278,-0.004079,0.002813,0.002206
1780018818.4754,-0.010442,-0.004513,0.002628,0.002393
1780018818.4824,-0.010549,-0.004983,0.002443,0.002616
1780018818.4893,-0.010599,-0.005494,0.002254,0.002867
1780018818.4963,-0.010593,-0.006049,0.002055,0.003137
1780018818.5033,-0.010625,-0.006349,0.002194,0.002280
1780018818.5102,-0.010585,-0.006537,0.001932,0.001919
1780018818.5172,-0.010487,-0.006654,0.001705,0.001689
1780018818.5241,-0.010214,-0.006677,0.001025,0.001355
1780018818.5311,-0.009839,-0.006748,0.000583,0.001544
1780018818.5380,-0.009369,-0.006844,0.000148,0.001654
1780018818.5449,-0.008812,-0.006955,-0.000275,0.001728
1780018818.5519,-0.008177,-0.007076,-0.000675,0.001792
1780018818.5589,-0.007473,-0.007209,-0.001070,0.001866
1780018818.5660,-0.006706,-0.007356,-0.001362,0.001926
1780018818.5728,-0.005883,-0.007516,-0.001906,0.002042
1780018818.5797,-0.005013,-0.007689,-0.002155,0.002108
1780018818.5867,-0.004102,-0.007876,-0.002483,0.002198
1780018818.5936,-0.003156,-0.008078,-0.002800,0.002292
1780018818.6075,-0.002161,-0.008274,-0.001380,0.001960
1780018818.6145,-0.001140,-0.008489,-0.003468,0.002422
1780018818.6214,-0.000102,-0.008724,-0.003740,0.002547
1780018818.6284,0.000947,-0.008980,-0.003997,0.002678
1780018818.6353,0.002001,-0.009258,-0.004207,0.002805
1780018818.6423,0.003055,-0.009557,-0.004428,0.002947
1780018818.6492,0.004105,-0.009877,-0.004625,0.003090
1780018818.6562,0.005138,-0.010205,-0.004768,0.003186
1780018818.6631,0.006160,-0.010555,-0.004941,0.003335
1780018818.6701,0.007168,-0.010929,-0.005091,0.003498
1780018818.6770,0.008158,-0.011327,-0.005215,0.003666
1780018818.6840,0.009129,-0.011751,-0.005351,0.003845
1780018818.6909,0.010099,-0.012177,-0.005541,0.003941
1780018818.6979,0.011056,-0.012624,-0.005689,0.004107
1780018818.7048,0.012000,-0.013088,-0.005836,0.004265
1780018818.7187,0.012933,-0.013573,-0.004307,0.003570
1780018818.7259,0.013858,-0.014087,-0.006044,0.004594
1780018818.7396,0.014779,-0.014640,-0.004686,0.003928
1780018818.7465,0.015698,-0.015236,-0.006507,0.005190
1780018818.7535,0.016492,-0.015915,-0.006209,0.005620
1780018818.7674,0.017117,-0.016516,-0.004611,0.004386
1780018818.7744,0.017570,-0.017048,-0.005205,0.005325
1780018818.7813,0.017852,-0.017509,-0.004654,0.005169
1780018818.7883,0.017965,-0.017892,-0.004071,0.004965
1780018818.7955,0.017912,-0.018189,-0.003477,0.004674
1780018818.8022,0.017697,-0.018393,-0.002806,0.004465
1780018818.8091,0.017319,-0.018499,-0.002188,0.004102
1780018818.8161,0.016781,-0.018500,-0.001504,0.003726
1780018818.8230,0.016083,-0.018389,-0.000789,0.003305
1780018818.8300,0.015282,-0.018299,-0.000269,0.003366
1780018818.8369,0.014370,-0.018241,0.000316,0.003472
1780018818.8439,0.013373,-0.018188,0.000819,0.003485
1780018818.8511,0.012305,-0.018137,0.001154,0.003490
1780018818.8578,0.011174,-0.018088,0.001881,0.003475
1780018818.8651,0.009989,-0.018039,0.001920,0.003490
1780018818.8723,0.008756,-0.017991,0.002486,0.003478
1780018818.8786,0.007462,-0.017927,0.003487,0.003384
1780018818.8856,0.006130,-0.017871,0.003456,0.003428
1780018818.8925,0.004767,-0.017820,0.003843,0.003440
1780018818.8995,0.003380,-0.017773,0.004219,0.003445
1780018818.9064,0.001975,-0.017728,0.004546,0.003449
1780018818.9134,0.000556,-0.017685,0.004878,0.003449
1780018818.9203,-0.000890,-0.017658,0.005280,0.003506
1780018818.9273,-0.002345,-0.017627,0.005601,0.003485
1780018818.9342,-0.003807,-0.017591,0.005906,0.003468
1780018818.9412,-0.005272,-0.017548,0.006218,0.003434
1780018818.9481,-0.006759,-0.017479,0.006602,0.003330
1780018818.9551,-0.008257,-0.017397,0.006938,0.003271
1780018818.9620,-0.009769,-0.017301,0.007297,0.003201
1780018818.9690,-0.011295,-0.017196,0.007645,0.003156
1780018818.9762,-0.012726,-0.017112,0.007435,0.003224
1780018818.9829,-0.014059,-0.017071,0.007678,0.003358
1780018818.9898,-0.015290,-0.017088,0.007402,0.003581
1780018818.9968,-0.016304,-0.017158,0.006817,0.003786
1780018819.0038,-0.017094,-0.017271,0.006172,0.003965
1780018819.0176,-0.017656,-0.017421,0.004465,0.003867
1780018819.0246,-0.017987,-0.017605,0.004713,0.004300
1780018819.0315,-0.018082,-0.017823,0.003888,0.004467
1780018819.0393,-0.017936,-0.018072,0.003051,0.004536
1780018819.0457,-0.017601,-0.018213,0.002140,0.004322
1780018819.0524,-0.017083,-0.018248,0.001419,0.003908
1780018819.0594,-0.016385,-0.018173,0.000705,0.003495
1780018819.0663,-0.015509,-0.017982,-0.000107,0.003042
1780018819.0733,-0.014524,-0.017827,-0.000690,0.003146
1780018819.0802,-0.013443,-0.017698,-0.001252,0.003216
1780018819.0872,-0.012276,-0.017590,-0.001785,0.003276
1780018819.0941,-0.011016,-0.017518,-0.002380,0.003390
1780018819.1016,-0.009688,-0.017454,-0.002562,0.003426
1780018819.1080,-0.008301,-0.017399,-0.003760,0.003422
1780018819.1150,-0.006865,-0.017356,-0.003832,0.003471
1780018819.1219,-0.005388,-0.017323,-0.004278,0.003504
1780018819.1289,-0.003879,-0.017300,-0.004703,0.003539
1780018819.1360,-0.002343,-0.017287,-0.004921,0.003577
1780018819.1428,-0.000786,-0.017283,-0.005653,0.003612
1780018819.1497,0.000784,-0.017289,-0.005856,0.003649
1780018819.1567,0.002363,-0.017302,-0.006193,0.003681
1780018819.1636,0.003961,-0.017337,-0.006581,0.003770
1780018819.1775,0.005564,-0.017373,-0.004037,0.003723
1780018819.1845,0.007168,-0.017409,-0.007263,0.003797
1780018819.1914,0.008788,-0.017428,-0.007630,0.003742
1780018819.1984,0.010413,-0.017443,-0.007986,0.003737
1780018819.2053,0.012046,-0.017452,-0.008318,0.003716
1780018819.2192,0.013685,-0.017455,-0.005743,0.003698
1780018819.2262,0.015223,-0.017473,-0.008629,0.003764
1780018819.2331,0.016654,-0.017532,-0.008535,0.003925
1780018819.2401,0.017980,-0.017648,-0.008441,0.004157
1780018819.2471,0.019200,-0.017832,-0.008282,0.004440
1780018819.2540,0.020199,-0.018076,-0.007705,0.004708
1780018819.2610,0.020968,-0.018369,-0.007033,0.004947
1780018819.2679,0.021502,-0.018706,-0.006302,0.005177
1780018819.2748,0.021798,-0.019085,-0.005508,0.005409
1780018819.2818,0.021851,-0.019506,-0.004648,0.005638
1780018819.2887,0.021657,-0.019969,-0.003718,0.005901
1780018819.2959,0.021275,-0.020316,-0.003022,0.005503
1780018819.3027,0.020712,-0.020549,-0.002147,0.005217
1780018819.3096,0.019973,-0.020668,-0.001440,0.004804
1780018819.3166,0.019061,-0.020668,-0.000633,0.004384
1780018819.3235,0.017976,-0.020546,0.000199,0.003920
1780018819.3374,0.016780,-0.020449,-0.001318,0.004174
1780018819.3444,0.015486,-0.020367,0.001443,0.004040
1780018819.3513,0.014107,-0.020298,0.002008,0.004077
1780018819.3586,0.012655,-0.020240,0.002350,0.004115
1780018819.3652,0.011138,-0.020190,0.003366,0.004123
1780018819.3722,0.009567,-0.020150,0.003615,0.004161
1780018819.3791,0.007953,-0.020119,0.004088,0.004192
1780018819.3861,0.006302,-0.020099,0.004545,0.004229
1780018819.3930,0.004621,-0.020088,0.004996,0.004264
1780018819.4000,0.002913,-0.020085,0.005436,0.004298
1780018819.4069,0.001184,-0.020094,0.005851,0.004343
1780018819.4139,-0.000574,-0.020123,0.006312,0.004426
1780018819.4211,-0.002348,-0.020152,0.006514,0.004432
1780018819.4278,-0.004131,-0.020183,0.007333,0.004456
1780018819.4347,-0.005922,-0.020214,0.007494,0.004462
1780018819.4417,-0.007735,-0.020230,0.007936,0.004413
1780018819.4486,-0.009564,-0.020242,0.008381,0.004404
1780018819.4558,-0.011407,-0.020246,0.008567,0.004381
1780018819.4626,-0.013265,-0.020247,0.009409,0.004375
1780018819.4695,-0.015028,-0.020270,0.009265,0.004463
1780018819.4764,-0.016688,-0.020337,0.009198,0.004637
1780018819.4834,-0.018248,-0.020462,0.009143,0.004873
1780018819.4903,-0.019583,-0.020643,0.008621,0.005115
1780018819.4973,-0.020691,-0.020870,0.008022,0.005330
1780018819.5042,-0.021571,-0.021137,0.007376,0.005532
1780018819.5112,-0.022220,-0.021443,0.006687,0.005734
1780018819.5181,-0.022637,-0.021784,0.005932,0.005936
1780018819.5251,-0.022816,-0.022162,0.005121,0.006144
1780018819.5321,-0.022754,-0.022575,0.004244,0.006359
1780018819.5390,-0.022445,-0.023024,0.003295,0.006582
1780018819.5462,-0.021941,-0.023354,0.002559,0.006186
1780018819.5529,-0.021249,-0.023569,0.001610,0.005883
1780018819.5599,-0.020376,-0.023666,0.000867,0.005455
1780018819.5668,-0.019323,-0.023640,0.000012,0.005014
1780018819.5738,-0.018148,-0.023627,-0.000662,0.005061
1780018819.5807,-0.016866,-0.023621,-0.001301,0.005086
1780018819.5877,-0.015492,-0.023615,-0.001892,0.005095
1780018819.5946,-0.014035,-0.023609,-0.002491,0.005095
1780018819.6016,-0.012484,-0.023587,-0.003118,0.005037
1780018819.6085,-0.010862,-0.023572,-0.003732,0.005064
1780018819.6155,-0.009178,-0.023562,-0.004258,0.005081
1780018819.6224,-0.007443,-0.023553,-0.004802,0.005093
1780018819.6294,-0.005663,-0.023549,-0.005316,0.005107
1780018819.6363,-0.003847,-0.023546,-0.005811,0.005120
1780018819.6433,-0.002001,-0.023545,-0.006281,0.005129
1780018819.6502,-0.000118,-0.023558,-0.006797,0.005185
1780018819.6572,0.001790,-0.023567,-0.007251,0.005176
1780018819.6641,0.003733,-0.023558,-0.007777,0.005117
1780018819.6711,0.005698,-0.023548,-0.008258,0.005111
1780018819.6780,0.007683,-0.023527,-0.008730,0.005075
1780018819.6850,0.009686,-0.023494,-0.009194,0.005027
1780018819.6919,0.011708,-0.023450,-0.009662,0.004984
1780018819.6989,0.013630,-0.023415,-0.009702,0.005014
1780018819.7061,0.015452,-0.023413,-0.009488,0.005136
1780018819.7128,0.017174,-0.023459,-0.009896,0.005325
1780018819.7197,0.018690,-0.023550,-0.009252,0.005508
1780018819.7267,0.019990,-0.023682,-0.008742,0.005682
1780018819.7336,0.021072,-0.023848,-0.008176,0.005846
1780018819.7405,0.021934,-0.024048,-0.007598,0.006016
1780018819.7476,0.022573,-0.024278,-0.006851,0.006155
1780018819.7545,0.022986,-0.024539,-0.006174,0.006340
1780018819.7615,0.023169,-0.024829,-0.005378,0.006500
1780018819.7684,0.023118,-0.025147,-0.004528,0.006674
1780018819.7754,0.022825,-0.025494,-0.003610,0.006847
1780018819.7823,0.022342,-0.025729,-0.002827,0.006498
1780018819.7896,0.021672,-0.025852,-0.002128,0.006105
1780018819.7962,0.020820,-0.025861,-0.001063,0.005720
1780018819.8032,0.019789,-0.025751,-0.000355,0.005276
1780018819.8101,0.018559,-0.025533,0.000602,0.004846
1780018819.8171,0.017204,-0.025332,0.001305,0.004877
1780018819.8240,0.015742,-0.025146,0.001990,0.004894
1780018819.8310,0.014187,-0.024971,0.002638,0.004900
1780018819.8379,0.012554,-0.024804,0.003244,0.004902
1780018819.8449,0.010857,-0.024647,0.003801,0.004913
1780018819.8518,0.009105,-0.024501,0.004352,0.004926
1780018819.8588,0.007307,-0.024365,0.004898,0.004938
1780018819.8660,0.005470,-0.024239,0.005155,0.004969
1780018819.8727,0.003581,-0.024135,0.006185,0.005005
1780018819.8796,0.001658,-0.024033,0.006455,0.005006
1780018819.8866,-0.000294,-0.023932,0.006957,0.004993
1780018819.8935,-0.002271,-0.023831,0.007431,0.004980
1780018819.9074,-0.004284,-0.023712,0.004351,0.005112
1780018819.9144,-0.006324,-0.023585,0.008468,0.004851
1780018819.9213,-0.008385,-0.023449,0.008966,0.004790
1780018819.9283,-0.010466,-0.023300,0.009464,0.004723
1780018819.9352,-0.012458,-0.023157,0.009531,0.004717
1780018819.9422,-0.014355,-0.023040,0.009567,0.004792
1780018819.9491,-0.016157,-0.022965,0.009598,0.004931
1780018819.9561,-0.017750,-0.022934,0.009174,0.005086
1780018819.9630,-0.019129,-0.022940,0.008673,0.005226
1780018819.9700,-0.020292,-0.022979,0.008141,0.005357
1780018819.9769,-0.021236,-0.023048,0.007534,0.005483
1780018819.9839,-0.021961,-0.023146,0.006900,0.005608
1780018819.9908,-0.022463,-0.023270,0.006206,0.005733
1780018819.9978,-0.022738,-0.023419,0.005448,0.005856
1780018820.0047,-0.022783,-0.023592,0.004630,0.005980
1780018820.0117,-0.022590,-0.023787,0.003744,0.006106
1780018820.0187,-0.022155,-0.024004,0.002789,0.006231
1780018820.0258,-0.021469,-0.024243,0.001835,0.006332
1780018820.0326,-0.020584,-0.024347,0.000751,0.005912
1780018820.0395,-0.019506,-0.024315,-0.000047,0.005409
1780018820.0465,-0.018240,-0.024146,-0.000970,0.004888
1780018820.0534,-0.016854,-0.023999,-0.001673,0.004942
1780018820.0603,-0.015369,-0.023865,-0.002340,0.004963
1780018820.0673,-0.013799,-0.023736,-0.002928,0.004962
1780018820.0743,-0.012155,-0.023608,-0.003542,0.004944
1780018820.0812,-0.010452,-0.023482,-0.004074,0.004930
1780018820.0882,-0.008700,-0.023359,-0.004610,0.004921
1780018820.0951,-0.006905,-0.023241,-0.005131,0.004917
1780018820.1021,-0.005071,-0.023128,-0.005621,0.004920
1780018820.1090,-0.003203,-0.023020,-0.006133,0.004918
1780018820.1160,-0.001289,-0.022932,-0.006680,0.004976
1780018820.1229,0.000660,-0.022845,-0.007181,0.004967
1780018820.1299,0.002633,-0.022757,-0.007685,0.004948
1780018820.1368,0.004623,-0.022667,-0.008122,0.004928
1780018820.1438,0.006628,-0.022570,-0.008589,0.004887
1780018820.1509,0.008662,-0.022447,-0.008879,0.004788
1780018820.1577,0.010714,-0.022316,-0.009816,0.004706
1780018820.1646,0.012670,-0.022183,-0.009618,0.004693
1780018820.1716,0.014524,-0.022070,-0.009633,0.004744
1780018820.1785,0.016278,-0.021994,-0.009630,0.004867
1780018820.1855,0.017934,-0.021968,-0.009596,0.005045
1780018820.1924,0.019385,-0.021989,-0.009171,0.005224
1780018820.1994,0.020621,-0.022052,-0.008639,0.005389
1780018820.2063,0.021638,-0.022151,-0.008064,0.005546
1780018820.2135,0.022435,-0.022286,-0.007342,0.005687
1780018820.2202,0.023008,-0.022454,-0.006815,0.005880
1780018820.2272,0.023353,-0.022654,-0.005998,0.006019
1780018820.2341,0.023467,-0.022886,-0.005195,0.006184
1780018820.2411,0.023344,-0.023148,-0.004323,0.006349
1780018820.2480,0.022978,-0.023441,-0.003380,0.006522
1780018820.2550,0.022363,-0.023764,-0.002365,0.006698
1780018820.2620,0.021554,-0.023954,-0.001507,0.006263
1780018820.2689,0.020559,-0.024011,-0.000641,0.005802
1780018820.2761,0.019381,-0.023936,0.000123,0.005321
1780018820.2828,0.018080,-0.023875,0.001088,0.005351
1780018820.2898,0.016678,-0.023823,0.001587,0.005381
1780018820.2970,0.015190,-0.023772,0.001960,0.005389
1780018820.3037,0.013628,-0.023720,0.003024,0.005361
1780018820.3176,0.012000,-0.023666,0.000400,0.005458
1780018820.3245,0.010313,-0.023607,0.003872,0.005338
1780018820.3315,0.008575,-0.023549,0.004412,0.005331
1780018820.3384,0.006769,-0.023477,0.005000,0.005271
1780018820.3454,0.004919,-0.023413,0.005537,0.005290
1780018820.3523,0.003033,-0.023354,0.006041,0.005302
1780018820.3593,0.001119,-0.023299,0.006534,0.005309
1780018820.3662,-0.000833,-0.023261,0.007055,0.005365
1780018820.3732,-0.002806,-0.023219,0.007507,0.005349
1780018820.3801,-0.004794,-0.023174,0.007982,0.005332
1780018820.3871,-0.006795,-0.023121,0.008424,0.005295
1780018820.3940,-0.008811,-0.023055,0.008867,0.005240
1780018820.4010,-0.010854,-0.022961,0.009397,0.005126
1780018820.4079,-0.012810,-0.022875,0.009472,0.005138
1780018820.4149,-0.014670,-0.022815,0.009495,0.005225
1780018820.4218,-0.016434,-0.022797,0.009510,0.005379
1780018820.4288,-0.018102,-0.022833,0.009507,0.005584
1780018820.4360,-0.019556,-0.022922,0.008863,0.005782
1780018820.4427,-0.020792,-0.023053,0.008630,0.005993
1780018820.4496,-0.021809,-0.023222,0.007916,0.006153
1780018820.4566,-0.022605,-0.023427,0.007278,0.006323
1780018820.4635,-0.023178,-0.023665,0.006602,0.006498
1780018820.4774,-0.023526,-0.023936,0.005240,0.006191
1780018820.4844,-0.023643,-0.024239,0.005061,0.006852
1780018820.4913,-0.023525,-0.024574,0.004197,0.007041
1780018820.4983,-0.023165,-0.024940,0.003262,0.007230
1780018820.5053,-0.022614,-0.025188,0.002463,0.006861
1780018820.5122,-0.021879,-0.025317,0.001655,0.006465
1780018820.5191,-0.020965,-0.025326,0.000839,0.006040
1780018820.5261,-0.019873,-0.025212,-0.000014,0.005579
1780018820.5331,-0.018662,-0.025111,-0.000685,0.005606
1780018820.5400,-0.017344,-0.025019,-0.001329,0.005629
1780018820.5470,-0.015932,-0.024930,-0.001941,0.005624
1780018820.5539,-0.014420,-0.024855,-0.002609,0.005663
1780018820.5609,-0.012830,-0.024770,-0.003196,0.005618
1780018820.5678,-0.011155,-0.024665,-0.003855,0.005525
1780018820.5748,-0.009418,-0.024563,-0.004406,0.005524
1780018820.5817,-0.007630,-0.024463,-0.004942,0.005512
1780018820.5887,-0.005799,-0.024362,-0.005482,0.005493
1780018820.5958,-0.003934,-0.024261,-0.005750,0.005489
1780018820.6026,-0.002040,-0.024159,-0.006663,0.005444
1780018820.6095,-0.000126,-0.024055,-0.006912,0.005433
1780018820.6165,0.001819,-0.023962,-0.007410,0.005460
1780018820.6234,0.003799,-0.023844,-0.007923,0.005347
1780018820.6373,0.005800,-0.023716,-0.004805,0.005526
1780018820.6443,0.007822,-0.023569,-0.008884,0.005204
1780018820.6512,0.009862,-0.023407,-0.009354,0.005121
1780018820.6582,0.011802,-0.023248,-0.009396,0.005100
1780018820.6651,0.013641,-0.023113,-0.009388,0.005169
1780018820.6721,0.015381,-0.023020,-0.009395,0.005301
1780018820.6790,0.017023,-0.022978,-0.009370,0.005482
1780018820.6862,0.018457,-0.022980,-0.008754,0.005647
1780018820.6929,0.019676,-0.023019,-0.008528,0.005794
1780018820.6999,0.020677,-0.023089,-0.007806,0.005918
1780018820.7068,0.021457,-0.023187,-0.007167,0.006043
1780018820.7210,0.022014,-0.023312,-0.005470,0.005944
1780018820.7277,0.022343,-0.023462,-0.005780,0.006316
1780018820.7346,0.022442,-0.023637,-0.004931,0.006426
1780018820.7421,0.022303,-0.023836,-0.004089,0.006509
1780018820.7485,0.021922,-0.024059,-0.002999,0.006756
1780018820.7555,0.021345,-0.024164,-0.002300,0.006294
1780018820.7624,0.020579,-0.024151,-0.001466,0.005870
1780018820.7694,0.019628,-0.024018,-0.000613,0.005414
1780018820.7764,0.018548,-0.023902,0.000061,0.005461
1780018820.7833,0.017354,-0.023800,0.000707,0.005492
1780018820.7903,0.016041,-0.023721,0.001400,0.005563
1780018820.7972,0.014633,-0.023640,0.002010,0.005543
1780018820.8042,0.013142,-0.023559,0.002615,0.005530
1780018820.8111,0.011560,-0.023464,0.003252,0.005468
1780018820.8181,0.009910,-0.023379,0.003833,0.005488
1780018820.8250,0.008203,-0.023300,0.004379,0.005500
1780018820.8320,0.006449,-0.023226,0.004887,0.005506
1780018820.8389,0.004655,-0.023155,0.005398,0.005510
1780018820.8461,0.002812,-0.023104,0.005725,0.005577
1780018820.8528,0.000938,-0.023050,0.006647,0.005548
1780018820.8598,-0.000959,-0.022999,0.006895,0.005561
1780018820.8667,-0.002874,-0.022946,0.007329,0.005548
1780018820.8737,-0.004819,-0.022873,0.007841,0.005461
1780018820.8806,-0.006784,-0.022793,0.008354,0.005425
1780018820.8876,-0.008765,-0.022703,0.008677,0.005381
1780018820.8945,-0.010762,-0.022605,0.009217,0.005330
1780018820.9015,-0.012667,-0.022521,0.009268,0.005369
1780018820.9084,-0.014475,-0.022473,0.009285,0.005493
1780018820.9154,-0.016185,-0.022475,0.009256,0.005678
1780018820.9223,-0.017681,-0.022527,0.008805,0.005872
1780018820.9293,-0.018957,-0.022621,0.008277,0.006046
1780018820.9362,-0.020013,-0.022752,0.007692,0.006207
1780018820.9432,-0.020847,-0.022917,0.007073,0.006367
1780018820.9501,-0.021456,-0.023113,0.006382,0.006523
1780018820.9571,-0.021838,-0.023340,0.005644,0.006682
1780018820.9640,-0.021988,-0.023596,0.004845,0.006842
1780018820.9710,-0.021901,-0.023880,0.003980,0.007006
1780018820.9779,-0.021571,-0.024192,0.003045,0.007171
1780018820.9849,-0.021045,-0.024389,0.002235,0.006801
1780018820.9919,-0.020330,-0.024469,0.001422,0.006403
1780018820.9988,-0.019429,-0.024432,0.000571,0.005975
1780018821.0062,-0.018345,-0.024271,-0.000054,0.005541
1780018821.0127,-0.017140,-0.024133,-0.001282,0.005528
1780018821.0197,-0.015809,-0.024027,-0.001684,0.005659
1780018821.0266,-0.014380,-0.023923,-0.002325,0.005654
1780018821.0336,-0.012864,-0.023823,-0.002938,0.005648
1780018821.0405,-0.011274,-0.023725,-0.003531,0.005643
1780018821.0475,-0.009623,-0.023630,-0.004060,0.005638
1780018821.0544,-0.007920,-0.023538,-0.004594,0.005635
1780018821.0614,-0.006175,-0.023450,-0.005098,0.005634
1780018821.0683,-0.004393,-0.023364,-0.005584,0.005628
1780018821.0753,-0.002579,-0.023280,-0.006054,0.005625
1780018821.0822,-0.000704,-0.023195,-0.006652,0.005606
1780018821.0892,0.001202,-0.023111,-0.007150,0.005596
1780018821.0966,0.003129,-0.023028,-0.007123,0.005610
1780018821.1031,0.005073,-0.022942,-0.008631,0.005541
1780018821.1100,0.007032,-0.022848,-0.008509,0.005522
1780018821.1170,0.009004,-0.022741,-0.008949,0.005457
1780018821.1239,0.010990,-0.022621,-0.009382,0.005391
1780018821.1309,0.012874,-0.022504,-0.009418,0.005378
1780018821.1378,0.014656,-0.022411,-0.009405,0.005453
1780018821.1448,0.016344,-0.022354,-0.009403,0.005577
1780018821.1517,0.017936,-0.022355,-0.009385,0.005787
1780018821.1587,0.019320,-0.022409,-0.008916,0.005991
1780018821.1659,0.020488,-0.022506,-0.008236,0.006162
1780018821.1726,0.021436,-0.022643,-0.007896,0.006363
1780018821.1795,0.022163,-0.022817,-0.007129,0.006516
1780018821.1865,0.022665,-0.023026,-0.006419,0.006685
1780018821.1934,0.022939,-0.023269,-0.005667,0.006868
1780018821.2073,0.022980,-0.023545,-0.004769,0.006552
1780018821.2143,0.022783,-0.023856,-0.003951,0.007235
1780018821.2212,0.022341,-0.024199,-0.002987,0.007429
1780018821.2282,0.021709,-0.024425,-0.002181,0.007051
1780018821.2351,0.020891,-0.024531,-0.001349,0.006651
1780018821.2421,0.019893,-0.024518,-0.000509,0.006223
1780018821.2490,0.018717,-0.024382,0.000373,0.005758
1780018821.2562,0.017420,-0.024267,0.000916,0.005824
1780018821.2629,0.016023,-0.024165,0.001853,0.005835
1780018821.2699,0.014538,-0.024072,0.002296,0.005862
1780018821.2768,0.012979,-0.023984,0.002887,0.005868
1780018821.2838,0.011356,-0.023903,0.003429,0.005879
1780018821.2908,0.009680,-0.023830,0.003950,0.005899
1780018821.2977,0.007938,-0.023782,0.004546,0.005986
1780018821.3047,0.006153,-0.023737,0.005045,0.005989
1780018821.3116,0.004331,-0.023695,0.005522,0.005994
1780018821.3186,0.002478,-0.023656,0.006055,0.006002
1780018821.3258,0.000580,-0.023601,0.006345,0.005947
1780018821.3325,-0.001345,-0.023553,0.007288,0.005949
1780018821.3394,-0.003287,-0.023509,0.007513,0.005967
1780018821.3464,-0.005244,-0.023463,0.007956,0.005955
1780018821.3533,-0.007216,-0.023408,0.008402,0.005917
1780018821.3603,-0.009210,-0.023347,0.008890,0.005886
1780018821.3672,-0.011222,-0.023270,0.009348,0.005819
1780018821.3742,-0.013142,-0.023200,0.009393,0.005830
1780018821.3811,-0.014964,-0.023157,0.009419,0.005926
1780018821.3881,-0.016690,-0.023157,0.009416,0.006084
1780018821.3950,-0.018201,-0.023202,0.008959,0.006258
1780018821.4020,-0.019493,-0.023285,0.008426,0.006416
1780018821.4089,-0.020563,-0.023401,0.007851,0.006564
1780018821.4159,-0.021411,-0.023548,0.007216,0.006706
1780018821.4228,-0.022034,-0.023724,0.006542,0.006851
1780018821.4298,-0.022429,-0.023927,0.005804,0.006994
1780018821.4367,-0.022591,-0.024156,0.005001,0.007134
1780018821.4437,-0.022516,-0.024410,0.004138,0.007284
1780018821.4509,-0.022198,-0.024689,0.003240,0.007399
1780018821.4576,-0.021631,-0.024991,0.002131,0.007615
1780018821.4646,-0.020862,-0.025169,0.001330,0.007171
1780018821.4715,-0.019900,-0.025222,0.000433,0.006738
1780018821.4784,-0.018749,-0.025149,-0.000465,0.006273
1780018821.4854,-0.017471,-0.025095,-0.001168,0.006335
1780018821.4923,-0.016087,-0.025052,-0.001841,0.006372
1780018821.4993,-0.014611,-0.025014,-0.002467,0.006386
1780018821.5063,-0.013054,-0.024977,-0.003038,0.006389
1780018821.5132,-0.011425,-0.024941,-0.003645,0.006387
1780018821.5201,-0.009733,-0.024905,-0.004206,0.006386
1780018821.5271,-0.007985,-0.024871,-0.004748,0.006389
1780018821.5341,-0.006148,-0.024841,-0.005439,0.006402
1780018821.5410,-0.004257,-0.024817,-0.005994,0.006423
1780018821.5480,-0.002323,-0.024796,-0.006556,0.006433
1780018821.5549,-0.000355,-0.024778,-0.007069,0.006445
1780018821.5619,0.001640,-0.024763,-0.007563,0.006458
1780018821.5688,0.003656,-0.024750,-0.008052,0.006469
1780018821.5760,0.005690,-0.024739,-0.008259,0.006475
1780018821.5827,0.007738,-0.024721,-0.009245,0.006450
1780018821.5897,0.009802,-0.024693,-0.009446,0.006415
1780018821.5966,0.011896,-0.024642,-0.009980,0.006323
1780018821.6036,0.013895,-0.024596,-0.010026,0.006342
1780018821.6175,0.015793,-0.024578,-0.006648,0.006475
1780018821.6244,0.017594,-0.024600,-0.010074,0.006597
1780018821.6314,0.019193,-0.024665,-0.009670,0.006769
1780018821.6383,0.020580,-0.024768,-0.009187,0.006931
1780018821.6453,0.021752,-0.024906,-0.008643,0.007086
1780018821.6522,0.022707,-0.025076,-0.008081,0.007243
1780018821.6592,0.023444,-0.025277,-0.007435,0.007397
1780018821.6661,0.023959,-0.025507,-0.006749,0.007555
1780018821.6730,0.024248,-0.025765,-0.005997,0.007714
1780018821.6800,0.024308,-0.026052,-0.005186,0.007872
1780018821.6870,0.024133,-0.026365,-0.004310,0.008035
1780018821.6939,0.023717,-0.026704,-0.003364,0.008203
1780018821.7011,0.023113,-0.026920,-0.002631,0.007788
1780018821.7078,0.022328,-0.027014,-0.001681,0.007400
1780018821.7148,0.021365,-0.026983,-0.000937,0.006942
1780018821.7217,0.020226,-0.026825,-0.000081,0.006455
1780018821.7287,0.018914,-0.026533,0.000798,0.005923
1780018821.7358,0.017487,-0.026264,0.001353,0.005981
1780018821.7426,0.015964,-0.026010,0.002305,0.005937
1780018821.7495,0.014339,-0.025780,0.002839,0.006007
1780018821.7565,0.012640,-0.025550,0.003434,0.005966
1780018821.7634,0.010882,-0.025324,0.003992,0.005941
