t,imu_roll,imu_pitch,imu_yaw,lpf_roll,lpf_pitch,lpf_yaw,gyro_x,gyro_y,gyro_z,acc_x,acc_y,acc_z
1790543149.2625,-0.045346,-0.024562,-0.021946,-0.013604,-0.007369,-0.021946,-0.025760,-0.008124,-0.009538,0.262303,1.460231,-10.103616
1790543149.2781,-0.036030,-0.032200,-0.009742,-0.020332,-0.014818,-0.009742,0.027662,0.010088,-0.008324,0.032335,1.385871,-10.297672
1790543149.2929,-0.044380,-0.032966,-0.017329,-0.027546,-0.020263,-0.017329,0.000951,-0.002053,-0.003468,0.377287,1.385871,-9.948371
1790543149.3081,-0.045347,-0.031741,-0.019090,-0.032886,-0.023706,-0.019090,-0.023332,-0.027550,0.006246,0.262303,1.460231,-10.064805
1790543149.3228,-0.044331,-0.029612,-0.018434,-0.036320,-0.025478,-0.018434,-0.086467,-0.051833,0.058454,0.185647,1.423051,-9.599070
1790543149.3369,-0.046271,-0.023390,-0.020787,-0.039305,-0.024851,-0.020787,-0.158101,-0.019051,0.159227,0.338959,1.794851,-10.452916
1790543149.3526,-0.046944,-0.030981,-0.011014,-0.041597,-0.026690,-0.011014,-0.068255,-0.128324,0.241789,0.377287,0.939711,-10.336483
1790543149.3676,-0.049407,-0.035034,-0.007911,-0.043940,-0.029193,-0.007911,-0.026974,-0.182960,0.276999,0.568927,1.051251,-9.754315
1790543149.3819,-0.047446,-0.035189,-0.001286,-0.044992,-0.030992,-0.001286,-0.122891,-0.152607,0.255145,0.223975,1.274331,-10.258860
1790543149.3966,-0.048987,-0.038568,0.001358,-0.046190,-0.033265,0.001358,-0.048829,-0.112540,0.153157,0.530599,1.014071,-10.297672
1790543149.4115,-0.047394,-0.033687,-0.001780,-0.046552,-0.033391,-0.001780,-0.033045,0.007660,-0.007110,0.070663,1.980751,-10.685784
1790543149.4266,-0.045796,-0.027881,-0.007973,-0.046325,-0.031738,-0.007973,-0.071897,0.033157,-0.184375,0.032335,2.017931,-10.142427
1790543149.4416,-0.040052,-0.022517,-0.013920,-0.044443,-0.028972,-0.013920,-0.005119,0.001589,-0.374995,-0.389272,1.906391,-8.822846
1790543149.4566,-0.040651,-0.018502,-0.025339,-0.043305,-0.025831,-0.025339,0.095654,0.172783,-0.566830,0.070663,1.943571,-8.551168
1790543149.4713,-0.029717,-0.019681,-0.037137,-0.039229,-0.023986,-0.037137,0.149077,-0.083401,-0.741666,-1.117504,1.720491,-10.297672
1790543149.4860,-0.028314,-0.020512,-0.049910,-0.035954,-0.022944,-0.049910,0.082299,0.046513,-0.882506,0.032335,1.608951,-10.142427
1790543149.5004,-0.039366,-0.003533,-0.045310,-0.036978,-0.017121,-0.045310,-0.127748,0.207993,-0.609324,1.373815,3.356411,-7.580888
1790543149.5154,-0.041612,-0.014563,-0.055122,-0.038368,-0.016353,-0.055122,0.204927,0.416826,-0.575329,-0.312616,0.270471,-13.130889
1790543149.5304,-0.042293,-0.018553,-0.067918,-0.039546,-0.017013,-0.067918,0.203713,0.250488,-0.742880,-0.044320,1.348691,-9.987182
1790543149.5454,-0.046769,-0.022001,-0.075565,-0.041713,-0.018510,-0.075565,-0.011190,0.192210,-0.762306,0.837223,0.753811,-9.560259
1790543149.5606,-0.048686,-0.024201,-0.084643,-0.043805,-0.020217,-0.084643,0.019163,0.170355,-0.705242,0.377287,0.902531,-8.473546
1790543149.5754,-0.047240,-0.024415,-0.092992,-0.044835,-0.021476,-0.092992,-0.011190,0.096292,-0.588684,-0.082648,1.274331,-9.288581
1790543149.5900,-0.044891,-0.022672,-0.100961,-0.044852,-0.021835,-0.100961,-0.053685,0.033157,-0.518264,-0.159304,1.683311,-9.948371
1790543149.6057,-0.044310,-0.020826,-0.108265,-0.044689,-0.021532,-0.108265,-0.041544,0.107220,-0.425989,-0.082648,1.943571,-10.918651
1790543149.6204,-0.043578,-0.016157,-0.113700,-0.044356,-0.019920,-0.113700,-0.177528,0.080509,-0.324001,-0.082648,2.129471,-10.336483
1790543149.6356,-0.049784,-0.004186,-0.119291,-0.045984,-0.015200,-0.119291,-0.342651,0.489674,-0.298504,0.147319,3.170511,-9.172147
1790543149.6506,-0.042709,-0.009390,-0.123282,-0.045002,-0.013457,-0.123282,0.387048,-0.396649,-0.266936,0.070663,2.464091,-13.751868
1790543149.6655,-0.045952,-0.011579,-0.103171,-0.045287,-0.012893,-0.103171,0.666301,-0.316516,0.110662,2.217030,3.616671,-9.172147
1790543149.6806,-0.049928,-0.015892,-0.097584,-0.046679,-0.013793,-0.097584,0.379764,0.155785,0.337706,0.492271,1.980751,-9.793126
1790543149.6954,-0.053654,-0.018135,-0.091013,-0.048772,-0.015096,-0.091013,0.076228,0.205565,0.542896,0.185647,1.608951,-12.354665
1790543149.7104,-0.061443,-0.024316,-0.054160,-0.052573,-0.017862,-0.054160,0.196428,0.036799,1.103830,1.757095,0.716631,-10.064805
1790543149.7255,-0.056973,-0.026117,-0.053853,-0.053893,-0.020338,-0.053853,0.121151,-0.190245,1.356372,-0.849208,1.385871,-8.085434
1790543149.7406,-0.047415,-0.024037,-0.061023,-0.051950,-0.021448,-0.061023,-0.076754,-0.408791,1.251955,-1.424128,1.683311,-8.395923
1790543149.7554,-0.050716,-0.029001,-0.029021,-0.051580,-0.023714,-0.029021,0.096869,-0.195102,1.180321,1.450471,0.456371,-10.336483
1790543149.7704,-0.060153,-0.040484,0.006704,-0.054152,-0.028745,0.006704,0.291131,0.156999,1.185178,2.293686,-1.068009,-12.121798
1790543149.7856,-0.061838,-0.043137,0.020302,-0.056458,-0.033063,0.020302,0.219497,0.027086,1.230101,-0.005993,1.757671,-9.870749
1790543149.8001,-0.059483,-0.042809,0.022744,-0.057365,-0.035986,0.022744,-0.107107,0.120575,0.890141,-1.615768,1.014071,-9.637881
1790543149.8143,-0.056056,-0.043205,0.026117,-0.056972,-0.038152,0.026117,-0.064612,-0.027550,0.636385,-1.040848,0.828171,-8.706413
1790543149.8291,-0.057481,-0.044420,0.032653,-0.057125,-0.040032,0.032653,0.022806,-0.000839,0.453050,0.453943,0.865351,-8.240679
1790543149.8437,-0.059930,-0.044573,0.038046,-0.057966,-0.041395,0.038046,0.000951,0.092650,0.361989,0.530599,1.311511,-10.025993
1790543149.8580,-0.055106,-0.039299,0.041822,-0.057108,-0.040766,0.041822,-0.137461,-0.185389,0.261215,-0.810880,2.984611,-10.918651
1790543149.8732,-0.044846,-0.031276,0.051483,-0.053430,-0.037919,0.051483,-0.347507,-0.726896,0.257573,0.338959,3.282051,-12.587532
1790543149.8880,-0.036068,-0.022212,0.061408,-0.048221,-0.033207,0.061408,-0.699609,-0.836169,0.090021,1.642111,1.125611,-11.267951
1790543149.9031,-0.044044,-0.025270,0.064602,-0.046968,-0.030826,0.064602,-0.075540,0.164284,-0.271793,4.018446,-0.473129,-14.256413
1790543149.9181,-0.042606,-0.023001,0.045715,-0.045659,-0.028478,0.045715,0.122365,-0.057904,-0.674888,0.492271,2.612811,-8.046623
1790543149.9330,-0.037408,-0.028022,0.036771,-0.043184,-0.028341,0.036771,0.248636,-0.236383,-0.878864,0.185647,0.642271,-7.891378
1790543149.9478,-0.034954,-0.036019,0.022972,-0.040715,-0.030645,0.022972,0.516962,0.028300,-0.884935,-0.274288,0.939711,-8.201867
1790543149.9629,-0.039669,-0.039951,0.017386,-0.040401,-0.033437,0.017386,0.236495,0.167927,-0.684601,1.795423,1.125611,-10.025993
1790543149.9778,-0.029613,-0.043214,0.000864,-0.037165,-0.036370,0.000864,0.246208,-0.428217,-0.887363,-1.040848,1.794851,-12.548721
1790543149.9931,-0.025685,-0.055013,-0.015210,-0.033721,-0.041963,-0.015210,0.728222,-0.095542,-1.150832,-0.120976,0.865351,-10.297672
1790543150.0084,-0.017823,-0.062522,-0.033919,-0.028952,-0.048131,-0.033919,0.527889,-0.393007,-1.207897,0.032335,1.125611,-8.085434
1790543150.0228,-0.011391,-0.065776,-0.045017,-0.023683,-0.053424,-0.045017,0.244994,-0.569057,-1.023347,1.258831,1.088431,-8.395923
1790543150.0379,-0.006819,-0.075268,-0.051717,-0.018624,-0.059977,-0.051717,0.548529,-0.352940,-0.903147,0.913879,0.530731,-10.646972
1790543150.0529,0.006536,-0.081305,-0.080607,-0.011076,-0.066376,-0.080607,0.608022,-0.739037,-0.792660,-0.734224,2.055111,-8.007811
1790543150.0680,0.006970,-0.083389,-0.100471,-0.005662,-0.071480,-0.100471,0.495107,-0.230312,-0.532834,1.488799,3.319231,-8.357112
1790543150.0831,-0.013543,-0.074737,-0.109569,-0.008027,-0.072457,-0.109569,-0.544199,1.359000,-0.587470,0.683911,2.278191,-16.856763
1790543150.0981,-0.016379,-0.061907,-0.134649,-0.010532,-0.069292,-0.134649,-1.017714,0.665725,-0.458771,-4.720334,-0.324409,-13.441378
1790543150.1135,-0.020844,-0.054152,-0.134677,-0.013626,-0.064750,-0.134677,-0.869589,0.840561,-0.407777,-3.877119,-1.811608,-8.628791
1790543150.1281,-0.026381,-0.040235,-0.144437,-0.017452,-0.057396,-0.144437,-0.927867,0.804137,-0.237797,-1.539112,0.753811,-4.864105
1790543150.1431,-0.036318,-0.026056,-0.148741,-0.023112,-0.047994,-0.148741,-0.857447,0.995972,-0.143094,-0.849208,0.753811,-3.428091
1790543150.1581,-0.036645,-0.027997,-0.164015,-0.027172,-0.041995,-0.164015,0.021592,0.302697,-0.075102,-3.838791,1.088431,-18.370399
1790543150.1729,-0.030887,-0.038404,-0.164634,-0.028286,-0.040917,-0.164634,0.583739,-0.428217,0.631529,-0.619240,0.828171,-17.244875
1790543150.1881,-0.039735,-0.043599,-0.151140,-0.031721,-0.041722,-0.151140,0.248636,0.288127,1.067406,1.833751,0.716631,-12.160609
1790543150.2029,-0.037843,-0.058557,-0.149467,-0.033557,-0.046772,-0.149467,0.754934,-0.266736,0.958133,0.223975,-0.659029,-7.774944
1790543150.2180,-0.036844,-0.072022,-0.121307,-0.034543,-0.054347,-0.121307,0.924913,0.120575,0.654597,-1.692424,1.051251,-7.813756
1790543150.2329,-0.055975,-0.081157,-0.114660,-0.040973,-0.062390,-0.114660,0.574026,1.094317,0.687379,1.565455,0.716631,-10.530539
1790543150.2481,-0.072176,-0.092391,-0.091738,-0.050334,-0.071391,-0.091738,0.809570,0.985044,0.896212,0.568927,1.757671,-10.258860
1790543150.2626,-0.084521,-0.098866,-0.060490,-0.060590,-0.079633,-0.060490,0.608022,0.898840,0.799080,-0.312616,2.278191,-9.327392
1790543150.2767,-0.088071,-0.102195,-0.036151,-0.068834,-0.086402,-0.036151,0.394333,0.363404,0.644884,-0.734224,2.278191,-9.599070
1790543150.2917,-0.080222,-0.107984,-0.028731,-0.072251,-0.092876,-0.028731,0.351838,-0.494995,0.647313,-0.159304,0.976891,-13.480189
1790543150.3067,-0.073091,-0.108143,-0.032806,-0.072503,-0.097456,-0.032806,-0.119249,-0.497423,0.512543,0.530599,-0.287229,-12.975644
1790543150.3216,-0.070040,-0.110047,-0.046321,-0.071764,-0.101234,-0.046321,-0.207881,-0.485282,0.686165,2.830278,-2.294948,-10.181238
1790543150.3366,-0.068405,-0.107366,-0.035964,-0.070756,-0.103073,-0.035964,-0.440996,-0.526562,0.604818,3.481854,-1.439808,-7.891378
1790543150.3517,-0.058444,-0.094030,-0.030656,-0.067063,-0.100360,-0.030656,-0.967934,-0.894448,0.482189,1.833751,0.158931,-8.085434
1790543150.3673,-0.055068,-0.074440,-0.024498,-0.063464,-0.092584,-0.024498,-1.418381,-0.537490,0.304925,2.676966,-0.510309,-7.813756
1790543150.3828,-0.044562,-0.052523,-0.021747,-0.057793,-0.080566,-0.021747,-1.547080,-0.967296,0.115518,2.791950,-0.175689,-9.016902
1790543150.3981,-0.035961,-0.029743,-0.022310,-0.051244,-0.065319,-0.022310,-1.510656,-0.953941,0.090021,3.673494,1.088431,-8.784035
1790543150.4131,-0.056533,-0.039222,0.008167,-0.052831,-0.057490,0.008167,0.299630,1.099174,-0.066603,5.551565,-3.261628,-15.032637
1790543150.4279,-0.057931,-0.058893,0.010722,-0.054361,-0.057911,0.010722,1.589049,0.554024,-0.553474,-4.567022,4.434631,-11.384385
1790543150.4426,-0.057427,-0.056250,-0.021870,-0.055281,-0.057413,-0.021870,0.164860,0.027086,-0.580185,0.338959,4.360271,-9.288581
1790543150.4569,-0.063946,-0.064302,-0.036823,-0.057881,-0.059479,-0.036823,0.626234,0.369474,-0.599611,1.795423,1.385871,-9.172147
1790543150.4718,-0.044610,-0.076882,-0.039381,-0.053899,-0.064700,-0.039381,0.913986,-0.969724,-0.765949,-2.267343,1.348691,-9.016902
1790543150.4863,-0.031643,-0.089070,-0.052268,-0.047223,-0.072011,-0.052268,0.922485,-0.752393,-0.849725,-0.504256,1.199971,-7.813756
1790543150.5020,-0.020060,-0.095491,-0.070755,-0.039074,-0.079055,-0.070755,0.601952,-0.685615,-0.825442,0.070663,2.092291,-7.037532
1790543150.5166,-0.004880,-0.104223,-0.082240,-0.028816,-0.086606,-0.082240,0.622592,-1.021932,-0.824228,0.147319,0.790991,-7.813756
1790543150.5313,-0.009453,-0.111495,-0.090081,-0.023007,-0.094073,-0.090081,0.515748,0.226206,-0.660318,1.603783,1.311511,-13.247322
1790543150.5463,-0.036293,-0.097062,-0.106114,-0.026993,-0.094969,-0.106114,-0.875659,1.775451,-0.762306,1.680439,3.282051,-19.263056
1790543150.5613,-0.031789,-0.079572,-0.096135,-0.028432,-0.090350,-0.096135,-1.396526,0.135145,-0.761092,-3.992103,-1.774428,-9.133336
1790543150.5764,-0.035285,-0.065328,-0.103949,-0.030488,-0.082844,-0.103949,-1.398955,0.741002,-0.744094,-2.305671,-2.146228,-3.893825
1790543150.5914,-0.045582,-0.043065,-0.108311,-0.035016,-0.070910,-0.108311,-1.446306,0.886699,-0.621466,-1.117504,1.497411,-9.793126
1790543150.6063,-0.050865,-0.027099,-0.110871,-0.039771,-0.057767,-0.110871,-1.089348,0.827206,-0.620252,-3.263871,0.790991,-7.697322
1790543150.6216,-0.040254,-0.039438,-0.131766,-0.039916,-0.052268,-0.131766,0.612879,-0.308017,-0.412633,-5.908502,-1.551348,-14.955014
1790543150.6366,-0.040466,-0.036758,-0.111191,-0.040081,-0.047615,-0.111191,0.011879,-0.084615,0.207793,0.952207,3.244871,-8.939280
1790543150.6516,-0.038539,-0.040753,-0.094869,-0.039618,-0.045557,-0.094869,0.304487,-0.231526,0.712876,0.223975,1.832031,-9.676693
1790543150.6663,-0.041043,-0.051891,-0.107649,-0.040046,-0.047457,-0.107649,0.725794,-0.138037,0.482189,2.446998,0.828171,-8.085434
1790543150.6814,-0.055874,-0.059946,-0.106330,-0.044794,-0.051204,-0.106330,0.600737,0.719147,0.506472,2.561982,1.832031,-8.784035
1790543150.6957,-0.064713,-0.071730,-0.095416,-0.050770,-0.057362,-0.095416,0.871491,0.602590,0.495545,0.032335,1.720491,-9.948371
1790543150.7107,-0.082946,-0.078332,-0.078207,-0.060422,-0.063653,-0.078207,0.615307,1.019040,0.767513,1.757095,2.724351,-7.697322
1790543150.7251,-0.091851,-0.083308,-0.060943,-0.069851,-0.069549,-0.060943,0.425901,0.577093,0.925351,0.223975,2.761531,-11.112707
1790543150.7393,-0.096525,-0.089829,-0.048698,-0.077853,-0.075633,-0.048698,0.408903,0.319695,0.950848,-0.082648,0.976891,-9.521448
1790543150.7542,-0.103620,-0.096312,-0.036806,-0.085583,-0.081837,-0.036806,0.393119,0.465392,0.857359,0.147319,0.902531,-9.055714
1790543150.7691,-0.101597,-0.098899,-0.020068,-0.090387,-0.086955,-0.020068,0.312986,-0.122253,0.629100,0.032335,3.616671,-11.656063
1790543150.7841,-0.084075,-0.099197,-0.024081,-0.088494,-0.090628,-0.024081,-0.104679,-1.085068,0.635171,-1.539112,-0.138509,-14.838581
1790543150.7989,-0.074508,-0.086044,-0.026788,-0.084298,-0.089252,-0.026788,-1.084492,-0.793674,0.569607,2.025391,-1.253909,-11.772497
1790543150.8141,-0.073345,-0.073177,-0.026312,-0.081012,-0.084430,-0.026312,-1.079635,-0.492567,0.451836,4.593365,-1.625708,-7.774944
1790543150.8294,-0.066402,-0.052040,-0.021250,-0.076629,-0.074713,-0.021250,-1.446306,-0.787603,0.190795,2.715294,0.344831,-5.873196
1790543150.8443,-0.055186,-0.030653,-0.018736,-0.070196,-0.061495,-0.018736,-1.380742,-1.028003,0.156799,2.255358,1.348691,-6.144874
1790543150.8591,-0.055622,-0.023357,-0.019512,-0.065824,-0.050054,-0.019512,-0.477421,-0.095542,0.005031,1.297159,1.199971,-6.921098
1790543150.8744,-0.069421,-0.037363,-0.032163,-0.066903,-0.046247,-0.032163,1.051184,1.084604,-0.348284,-1.654096,4.174371,-14.372847
1790543150.8897,-0.059130,-0.036065,-0.049357,-0.064571,-0.043192,-0.049357,0.133293,-0.395435,-0.871579,-2.497311,5.252591,-13.247322
1790543150.9044,-0.063279,-0.040665,-0.058729,-0.064184,-0.042434,-0.058729,0.312986,0.345192,-0.772020,0.990535,1.014071,-10.530539
1790543150.9194,-0.054818,-0.052980,-0.067614,-0.061374,-0.045598,-0.067614,0.747649,-0.278878,-0.753807,-2.037376,-0.101329,-9.327392
1790543150.9355,-0.040155,-0.068763,-0.081670,-0.055008,-0.052547,-0.081670,1.102178,-0.690472,-0.961426,-1.079176,1.757671,-7.153965
1790543150.9504,-0.028569,-0.074648,-0.084614,-0.047076,-0.059178,-0.084614,0.616521,-0.764534,-1.011206,0.683911,2.278191,-5.834385
1790543150.9651,-0.022899,-0.080710,-0.093604,-0.039823,-0.065637,-0.093604,0.446541,-0.371152,-0.986923,0.990535,1.385871,-10.336483
1790543150.9797,-0.015224,-0.088575,-0.105747,-0.032443,-0.072519,-0.105747,0.529103,-0.456142,-0.918931,0.032335,0.790991,-10.258860
1790543150.9942,-0.014498,-0.099208,-0.114117,-0.027060,-0.080525,-0.114117,0.786501,-0.021479,-0.655462,0.185647,1.423051,-9.521448
1790543151.0094,-0.036661,-0.089114,-0.131292,-0.029940,-0.083102,-0.131292,-0.570910,1.571475,-0.688244,-0.964192,3.282051,-15.886483
1790543151.0241,-0.037823,-0.070905,-0.169651,-0.032305,-0.079443,-0.169651,-1.262971,0.509101,-0.740452,-5.985158,0.642271,-12.277042
1790543151.0394,-0.042322,-0.059032,-0.173752,-0.035310,-0.073320,-0.173752,-1.150055,0.653584,-0.682173,-2.305671,-2.741108,-5.329839
1790543151.0541,-0.057219,-0.040812,-0.195221,-0.041883,-0.063567,-0.195221,-1.391670,1.141669,-0.512193,-0.197632,-0.398769,-4.592427
1790543151.0691,-0.067872,-0.024392,-0.206467,-0.049680,-0.051815,-0.206467,-1.119702,0.893984,-0.529191,-0.695896,0.642271,-7.774944
1790543151.0842,-0.060746,-0.040287,-0.217420,-0.052999,-0.048356,-0.217420,0.877562,-0.427003,-0.039892,-0.504256,-1.923148,-19.534735
1790543151.0994,-0.067135,-0.046448,-0.198382,-0.057240,-0.047784,-0.198382,0.468396,0.239561,0.587820,2.446998,2.984611,-12.354665
1790543151.1141,-0.069153,-0.051317,-0.175064,-0.060814,-0.048844,-0.175064,0.348196,0.021016,1.077119,0.262303,2.315371,-11.112707
1790543151.1296,-0.047877,-0.061035,-0.160810,-0.056933,-0.052501,-0.160810,0.547315,-1.276902,0.587820,-2.114032,0.344831,-9.599070
1790543151.1441,-0.066891,-0.072236,-0.144019,-0.059920,-0.058422,-0.144019,0.740364,0.913410,0.653383,5.091629,0.679451,-9.366203
1790543151.1592,-0.082710,-0.086437,-0.138267,-0.066757,-0.066826,-0.138267,0.879990,0.918267,0.672810,1.948735,0.605091,-12.703965
1790543151.1741,-0.097878,-0.096483,-0.112477,-0.076094,-0.075723,-0.112477,0.781645,0.947406,0.908353,0.645583,2.389731,-8.007811
1790543151.1888,-0.111978,-0.099345,-0.086461,-0.086859,-0.082810,-0.086461,0.308129,0.971689,0.953276,-0.235960,2.984611,-9.055714
1790543151.2031,-0.114592,-0.104419,-0.074943,-0.095179,-0.089293,-0.074943,0.321485,0.240775,0.879214,-0.657568,1.274331,-10.064805
1790543151.2176,-0.105353,-0.107992,-0.068392,-0.098231,-0.094902,-0.068392,0.160004,-0.603053,0.721375,-0.312616,0.530731,-12.471098
1790543151.2326,-0.097880,-0.104913,-0.055959,-0.098126,-0.097906,-0.055959,-0.233378,-0.582413,0.573250,1.872079,1.348691,-14.139979
1790543151.2469,-0.094787,-0.104390,-0.060862,-0.097124,-0.099851,-0.060862,-0.290443,-0.423360,0.692236,3.060246,-2.183408,-10.375294
1790543151.2632,-0.088756,-0.096605,-0.055916,-0.094614,-0.098877,-0.055916,-0.644972,-0.567843,0.603603,2.676966,-1.030829,-8.822846
1790543151.2792,-0.074394,-0.079249,-0.048434,-0.088548,-0.092989,-0.048434,-1.148841,-1.065642,0.451836,1.833751,0.344831,-7.619700
1790543151.2949,-0.060213,-0.061608,-0.040537,-0.080047,-0.083574,-0.040537,-1.226546,-1.166415,0.340135,3.175230,-0.138509,-8.357112
1790543151.3105,-0.046119,-0.044239,-0.037318,-0.069869,-0.071774,-0.037318,-1.129415,-1.112993,0.158013,2.255358,0.865351,-7.464455
1790543151.3268,-0.054435,-0.042872,-0.042625,-0.065239,-0.063103,-0.042625,-0.092538,0.465392,-0.208658,2.791950,2.017931,-18.952567
1790543151.3416,-0.060982,-0.050767,-0.052932,-0.063962,-0.059403,-0.052932,0.701511,0.743430,-0.952927,-3.225543,4.620531,-14.334035
1790543151.3564,-0.043053,-0.058897,-0.059702,-0.057689,-0.059251,-0.059702,0.582525,-0.856809,-1.039131,-4.260399,1.534591,-12.781588
1790543151.3717,-0.048569,-0.073217,-0.067692,-0.054953,-0.063441,-0.067692,0.978336,0.312410,-0.486696,1.182175,0.976891,-6.727042
1790543151.3872,-0.037365,-0.092365,-0.078236,-0.049677,-0.072118,-0.078236,1.252732,-0.515635,-0.814515,-2.152360,1.014071,-11.539630
1790543151.4025,-0.022047,-0.105622,-0.086483,-0.041388,-0.082169,-0.086483,1.057255,-0.998864,-0.934715,0.798895,2.947431,-8.279490
1790543151.4169,-0.017142,-0.114610,-0.098415,-0.034114,-0.091902,-0.098415,0.809570,-0.382080,-1.156903,1.028863,2.241011,-6.804665
1790543151.4319,-0.006061,-0.121052,-0.111461,-0.025698,-0.100647,-0.111461,0.468396,-0.724468,-1.034274,0.338959,0.939711,-7.270399
1790543151.4468,-0.016061,-0.125911,-0.128095,-0.022807,-0.108226,-0.128095,0.507249,0.713077,-0.837583,-0.082648,3.356411,-9.987182
1790543151.4618,-0.039521,-0.119537,-0.138283,-0.027821,-0.111619,-0.138283,-0.467708,1.565404,-0.860652,1.527127,-0.250049,-19.612357
1790543151.4769,-0.038733,-0.101276,-0.171551,-0.031095,-0.108516,-0.171551,-1.335819,0.243204,-0.750165,-5.256926,-1.885968,-14.644525
1790543151.4916,-0.036654,-0.087862,-0.184492,-0.032762,-0.102320,-0.184492,-1.242330,0.176426,-0.680959,-2.842263,-3.298808,-6.571797
1790543151.5064,-0.052720,-0.063668,-0.190754,-0.038750,-0.090724,-0.190754,-1.587147,1.051822,-0.605682,0.568927,0.530731,-3.234035
1790543151.5216,-0.061136,-0.033597,-0.187438,-0.045466,-0.073586,-0.187438,-1.704918,0.870915,-0.884935,-0.849208,1.423051,-2.651867
1790543151.5369,-0.059338,-0.034353,-0.225301,-0.049627,-0.061816,-0.225301,-0.128962,0.154571,-0.712527,-4.796990,-3.484708,-21.281238
1790543151.5518,-0.055146,-0.054377,-0.227050,-0.051283,-0.059584,-0.227050,1.285514,-0.332300,0.121589,1.565455,0.939711,-19.689980
1790543151.5668,-0.059451,-0.054729,-0.208277,-0.053733,-0.058128,-0.208277,0.084727,0.357333,0.553824,-1.692424,2.352551,-10.103616
1790543151.5819,-0.052540,-0.062473,-0.201262,-0.053375,-0.059432,-0.201262,0.445327,-0.453714,0.773583,-1.232488,0.567911,-10.802217
1790543151.5968,-0.050890,-0.074739,-0.195056,-0.052630,-0.064024,-0.195056,0.791358,-0.087043,0.531969,-0.389272,0.344831,-4.359560
1790543151.6119,-0.068310,-0.087319,-0.164126,-0.057334,-0.071012,-0.164126,0.884847,0.855131,0.716519,3.136902,1.348691,-7.192776
1790543151.6269,-0.082187,-0.097712,-0.144836,-0.064790,-0.079022,-0.144836,0.751291,0.875772,0.755371,0.415615,1.943571,-9.172147
1790543151.6418,-0.100235,-0.102379,-0.126773,-0.075423,-0.086029,-0.126773,0.343339,1.175665,0.856145,0.300631,1.869211,-9.676693
1790543151.6569,-0.104349,-0.105059,-0.112771,-0.084101,-0.091738,-0.112771,0.202499,0.330622,0.916852,-1.155832,2.464091,-11.617252
1790543151.6717,-0.106071,-0.104894,-0.098371,-0.090692,-0.095685,-0.098371,0.033733,0.159428,0.751729,-0.504256,1.943571,-8.667602
1790543151.6866,-0.093575,-0.105520,-0.101149,-0.091557,-0.098635,-0.101149,-0.046400,-0.766963,0.765084,-1.194160,0.456371,-10.957462
1790543151.7013,-0.086790,-0.100065,-0.092950,-0.090127,-0.099064,-0.092950,-0.495633,-0.598197,0.784511,2.063719,-0.324409,-11.229140
1790543151.7163,-0.079307,-0.093166,-0.096007,-0.086881,-0.097295,-0.096007,-0.674112,-0.657690,0.744444,2.446998,-1.960328,-11.617252
1790543151.7306,-0.072139,-0.082690,-0.089601,-0.082458,-0.092913,-0.089601,-0.948508,-0.777890,0.552609,3.328542,-1.625708,-8.357112
1790543151.7455,-0.062280,-0.062458,-0.076875,-0.076405,-0.083777,-0.076875,-1.407454,-0.901732,0.326779,2.715294,0.419191,-7.542077
1790543151.7616,-0.048496,-0.040843,-0.066401,-0.068032,-0.070897,-0.066401,-1.414738,-1.131205,0.100949,3.136902,0.121751,-6.610609
1790543151.7766,-0.049601,-0.035806,-0.065762,-0.062503,-0.060369,-0.065762,-0.356006,-0.025122,0.003817,2.332014,1.423051,-13.247322
1790543151.7916,-0.066540,-0.049960,-0.073896,-0.063714,-0.057247,-0.073896,0.903059,1.129527,-0.428417,2.408670,0.567911,-17.089630
1790543151.8069,-0.052039,-0.056992,-0.088874,-0.060212,-0.057170,-0.088874,0.558242,-0.718397,-1.080412,-1.845736,2.873071,-13.286133
1790543151.8217,-0.060712,-0.058636,-0.096534,-0.060362,-0.057610,-0.096534,0.209784,0.394971,-0.634821,4.056774,2.055111,-8.279490
1790543151.8367,-0.057576,-0.068251,-0.103599,-0.059526,-0.060802,-0.103599,0.593453,-0.037263,-0.509765,-1.615768,0.047391,-11.306763
1790543151.8519,-0.038852,-0.083515,-0.115739,-0.053324,-0.067616,-0.115739,1.049970,-0.985508,-0.784161,-2.650623,1.348691,-10.025993
1790543151.8663,-0.026981,-0.091811,-0.124682,-0.045421,-0.074875,-0.124682,0.830210,-0.792460,-0.910432,0.415615,2.724351,-5.601518
1790543151.8807,-0.021440,-0.096157,-0.130490,-0.038227,-0.081259,-0.130490,0.417402,-0.454928,-0.843654,1.527127,1.943571,-7.697322
1790543151.8957,-0.011326,-0.103827,-0.144082,-0.030156,-0.088030,-0.144082,0.486608,-0.611552,-1.011206,0.032335,0.382011,-8.745224
1790543151.9106,-0.024479,-0.108248,-0.153706,-0.028453,-0.094095,-0.153706,0.360337,0.858774,-0.751379,1.527127,2.389731,-13.713056
1790543151.9256,-0.043714,-0.096763,-0.172386,-0.033031,-0.094895,-0.172386,-0.740890,1.408780,-0.806016,-1.539112,2.092291,-20.582637
1790543151.9406,-0.042011,-0.079526,-0.208296,-0.035725,-0.090284,-0.208296,-1.287253,0.243204,-0.753807,-3.838791,-1.365448,-8.124245
1790543151.9554,-0.044367,-0.067663,-0.213012,-0.038318,-0.083498,-0.213012,-1.099061,0.513957,-0.637250,-2.727279,-2.518028,-5.407462
1790543151.9701,-0.057445,-0.045568,-0.196758,-0.044056,-0.072119,-0.196758,-1.221690,1.038467,-0.548617,-0.504256,2.687171,-4.670049
1790543151.9845,-0.066300,-0.032870,-0.234118,-0.050729,-0.060344,-0.234118,-0.991003,0.938907,-0.619038,-1.692424,-0.324409,-5.329839
1790543151.9993,-0.055664,-0.038118,-0.232478,-0.052210,-0.053676,-0.232478,0.439257,-0.603053,-0.503694,-0.504256,2.501271,-10.414105
1790543152.0141,-0.054110,-0.047312,-0.218743,-0.052780,-0.051767,-0.218743,0.665087,-0.180532,0.415411,0.722239,2.501271,-11.927742
1790543152.0292,-0.061688,-0.052667,-0.198807,-0.055452,-0.052037,-0.198807,0.385834,0.379188,0.884070,0.607255,1.906391,-9.094525
1790543152.0444,-0.045714,-0.066178,-0.225272,-0.052531,-0.056279,-0.225272,0.747649,-0.793674,0.700735,-4.643678,-0.510309,-7.774944
1790543152.0591,-0.053752,-0.077105,-0.180992,-0.052897,-0.062527,-0.180992,0.792572,0.198280,0.550181,2.217030,0.753811,-4.165504
1790543152.0738,-0.075250,-0.088865,-0.160917,-0.059603,-0.070429,-0.160917,0.837495,1.220588,0.663096,3.443526,1.720491,-9.754315
1790543152.0885,-0.093075,-0.099711,-0.141854,-0.069645,-0.079214,-0.141854,0.767075,1.123457,0.913210,0.990535,1.869211,-9.715504
1790543152.1030,-0.107243,-0.105180,-0.125487,-0.080924,-0.087004,-0.125487,0.438042,0.964404,0.943563,0.070663,2.538451,-9.637881
1790543152.1179,-0.108940,-0.110813,-0.124599,-0.089329,-0.094146,-0.124599,0.316628,0.182496,0.896212,-1.117504,0.976891,-10.258860
1790543152.1329,-0.102397,-0.113775,-0.114188,-0.093249,-0.100035,-0.114188,0.210998,-0.395435,0.749301,-0.542584,1.646131,-9.094525
1790543152.1479,-0.092997,-0.114240,-0.107347,-0.093174,-0.104296,-0.107347,-0.087681,-0.702613,0.726232,1.488799,-0.435949,-12.393476
1790543152.1629,-0.087464,-0.110003,-0.098850,-0.091461,-0.106008,-0.098850,-0.454352,-0.548417,0.824577,2.868606,-1.291089,-10.491728
1790543152.1778,-0.083268,-0.105323,-0.088417,-0.089003,-0.105803,-0.088417,-0.499275,-0.510779,0.841575,3.213558,-1.402628,-9.288581
1790543152.1926,-0.074199,-0.093128,-0.075577,-0.084562,-0.102000,-0.075577,-0.932724,-0.843454,0.595104,2.638638,-0.324409,-7.464455
1790543152.2076,-0.064812,-0.075408,-0.066419,-0.078637,-0.094023,-0.066419,-1.287253,-0.875021,0.391129,3.443526,-0.361589,-8.784035
1790543152.2226,-0.052567,-0.053339,-0.060307,-0.070816,-0.081817,-0.060307,-1.500942,-1.075355,0.177440,3.060246,0.642271,-7.192776
1790543152.2376,-0.046028,-0.036954,-0.057704,-0.063379,-0.068358,-0.057704,-1.101490,-0.616409,0.005031,2.332014,0.976891,-7.542077
1790543152.2526,-0.061172,-0.052785,-0.069004,-0.062717,-0.063686,-0.069004,1.058469,1.192663,-0.271793,-2.842263,1.646131,-14.799770
1790543152.2676,-0.052792,-0.056405,-0.097293,-0.059739,-0.061502,-0.097293,0.399190,-0.204815,-0.943214,-4.643678,3.951291,-11.578441
1790543152.2826,-0.056130,-0.058667,-0.098380,-0.058657,-0.060651,-0.098380,0.213426,0.124218,-0.697957,2.791950,1.571771,-8.395923
1790543152.2969,-0.054374,-0.071428,-0.111781,-0.057372,-0.063885,-0.111781,0.878776,0.075652,-0.491553,-1.922392,0.605091,-10.142427
1790543152.3116,-0.037411,-0.086059,-0.129132,-0.051384,-0.070537,-0.129132,1.102178,-0.946656,-0.955355,-1.922392,2.315371,-10.375294
1790543152.3260,-0.024060,-0.099548,-0.135237,-0.043186,-0.079240,-0.135237,1.086394,-0.911446,-0.994208,0.683911,2.241011,-7.464455
1790543152.3404,-0.013867,-0.100209,-0.142097,-0.034391,-0.085531,-0.142097,0.359123,-0.667403,-0.922573,0.147319,3.802571,-5.873196
1790543152.3551,-0.005911,-0.109955,-0.156046,-0.025847,-0.092858,-0.156046,0.578883,-0.471926,-0.865508,-0.312616,-0.473129,-10.414105
1790543152.3695,-0.000097,-0.120392,-0.165487,-0.018122,-0.101118,-0.165487,0.876348,-0.356583,-0.673674,-0.350944,2.612811,-8.434735
1790543152.3844,-0.030399,-0.110917,-0.160356,-0.021805,-0.104058,-0.160356,-0.626760,1.924790,-0.785375,3.520182,1.311511,-15.032637
1790543152.3995,-0.031720,-0.090805,-0.223511,-0.024780,-0.100082,-0.223511,-1.363744,0.441109,-0.887363,-6.483422,0.456371,-14.101168
1790543152.4150,-0.031103,-0.074205,-0.252070,-0.026677,-0.092319,-0.252070,-1.221690,0.305125,-0.827870,-3.187215,-1.291089,-6.649420
1790543152.4294,-0.053920,-0.053096,-0.236971,-0.034850,-0.080552,-0.236971,-1.426880,1.484057,-0.504908,1.488799,0.828171,-5.329839
1790543152.4444,-0.061207,-0.036348,-0.267066,-0.042757,-0.067291,-0.267066,-1.171910,0.817493,-0.695529,-2.267343,0.010211,-6.416553
1790543152.4591,-0.064021,-0.032474,-0.287026,-0.049136,-0.056846,-0.287026,-0.351150,0.464177,-0.538904,-3.953775,-0.473129,-14.760958
1790543152.4743,-0.049790,-0.044601,-0.286877,-0.049332,-0.053173,-0.286877,0.769503,-0.922373,0.148300,-0.734224,1.906391,-18.680889
1790543152.4891,-0.056310,-0.045621,-0.277461,-0.051426,-0.050907,-0.277461,0.017949,0.308767,0.642456,1.527127,0.976891,-13.169700
1790543152.5042,-0.049315,-0.055838,-0.273722,-0.050792,-0.052386,-0.273722,0.587382,-0.513207,0.687379,-0.274288,0.084571,-7.580888
1790543152.5193,-0.044185,-0.067392,-0.263277,-0.048810,-0.056888,-0.263277,0.765861,-0.240025,0.366846,-1.692424,0.976891,-7.891378
1790543152.5341,-0.064198,-0.079329,-0.237537,-0.053427,-0.063620,-0.237537,0.822925,1.151382,0.533183,2.753622,1.237151,-9.560259
1790543152.5491,-0.082597,-0.088757,-0.216617,-0.062178,-0.071161,-0.216617,0.688156,1.180521,0.762656,0.262303,2.203831,-9.599070
1790543152.5642,-0.094943,-0.092605,-0.201496,-0.072007,-0.077594,-0.201496,0.286275,0.884271,0.817292,-1.424128,2.166651,-10.414105
1790543152.5791,-0.095585,-0.094927,-0.192163,-0.079081,-0.082794,-0.192163,0.130864,0.114505,0.850074,-1.615768,1.497411,-10.608161
1790543152.5942,-0.097882,-0.095933,-0.175691,-0.084721,-0.086736,-0.175691,0.090798,0.147286,0.644884,-0.005993,1.869211,-10.025993
1790543152.6091,-0.085465,-0.097910,-0.182995,-0.084944,-0.090088,-0.182995,0.014307,-0.770605,0.632743,-1.270816,-0.250049,-11.927742
1790543152.6238,-0.081439,-0.091907,-0.173007,-0.083892,-0.090634,-0.173007,-0.546627,-0.452500,0.538040,3.175230,-1.030829,-11.500819
1790543152.6381,-0.070882,-0.083439,-0.168421,-0.079989,-0.088475,-0.168421,-0.766387,-0.894448,0.607246,2.063719,-1.253909,-9.987182
1790543152.6538,-0.063416,-0.070388,-0.129213,-0.075017,-0.083049,-0.129213,-0.909655,-0.796102,0.480975,3.290214,-0.101329,-6.028441
1790543152.6688,-0.049423,-0.052161,-0.117604,-0.067339,-0.073783,-0.117604,-1.254472,-1.117850,0.286712,2.063719,0.605091,-7.774944
1790543152.6831,-0.033522,-0.036550,-0.106851,-0.057194,-0.062613,-0.106851,-1.145199,-1.361892,0.164084,2.715294,0.344831,-7.231588
1790543152.6979,-0.046224,-0.037774,-0.109656,-0.053903,-0.055161,-0.109656,-0.041544,0.766499,0.015959,2.983590,-1.105189,-16.196973
1790543152.7129,-0.054319,-0.044203,-0.123738,-0.054028,-0.051874,-0.123738,0.476895,0.768927,-0.667603,-3.340527,3.058971,-17.516553
1790543152.7278,-0.047586,-0.048756,-0.140575,-0.052095,-0.050939,-0.140575,0.350624,-0.317730,-1.237036,0.645583,1.608951,-10.841028
1790543152.7426,-0.051455,-0.054966,-0.146796,-0.051903,-0.052147,-0.146796,0.524247,0.204351,-0.755022,1.872079,1.720491,-6.610609
1790543152.7570,-0.047284,-0.067861,-0.156293,-0.050517,-0.056861,-0.156293,0.864206,-0.175675,-0.498838,-0.772552,0.493551,-11.578441
1790543152.7716,-0.031234,-0.084406,-0.171628,-0.044732,-0.065124,-0.171628,1.173813,-0.858023,-0.780519,-2.957247,1.571771,-11.073895
1790543152.7864,-0.017490,-0.094356,-0.178254,-0.036559,-0.073894,-0.178254,0.830210,-0.826456,-0.880078,-0.619240,2.947431,-8.784035
1790543152.8006,-0.009586,-0.100576,-0.188554,-0.028467,-0.081898,-0.188554,0.462325,-0.518064,-1.001492,0.338959,1.014071,-7.969000
1790543152.8154,-0.000168,-0.105930,-0.199072,-0.019978,-0.089108,-0.199072,0.377335,-0.604268,-0.967496,0.262303,1.051251,-8.745224
1790543152.8304,-0.013443,-0.112557,-0.214185,-0.018017,-0.096143,-0.214185,0.353052,0.887913,-0.938357,1.182175,-0.770569,-14.139979
1790543152.8460,-0.025171,-0.099041,-0.236180,-0.020163,-0.097012,-0.236180,-0.907227,0.948620,-0.665175,-4.260399,0.307651,-17.167252
1790543152.8613,-0.020746,-0.083409,-0.267822,-0.020338,-0.092931,-0.267822,-1.134272,0.081723,-0.689458,-5.410238,-1.142369,-8.861658
1790543152.8757,-0.023751,-0.068150,-0.280685,-0.021362,-0.085497,-0.280685,-1.218047,0.560095,-0.564401,-2.765607,-0.882109,-5.368651
1790543152.8905,-0.036193,-0.050762,-0.286543,-0.025811,-0.075076,-0.286543,-1.139128,0.926766,-0.577757,-0.044320,0.642271,-3.777392
1790543152.9058,-0.049327,-0.039542,-0.298117,-0.032866,-0.064416,-0.298117,-0.750603,0.993543,-0.442987,-0.619240,0.642271,-6.998721
1790543152.9206,-0.039504,-0.045273,-0.283601,-0.034857,-0.058673,-0.283601,0.502392,-0.573914,-0.290005,-0.964192,3.765391,-12.471098
1790543152.9354,-0.040633,-0.051368,-0.273109,-0.036590,-0.056482,-0.273109,0.416188,-0.003267,0.565965,0.377287,1.720491,-11.966553
1790543152.9504,-0.044266,-0.055862,-0.251831,-0.038893,-0.056296,-0.251831,0.321485,0.056226,0.967846,1.603783,2.055111,-11.578441
1790543152.9653,-0.035049,-0.072513,-0.259493,-0.037740,-0.061161,-0.259493,0.974693,-0.539918,0.931422,-1.999048,-0.584669,-6.727042
1790543152.9800,-0.050958,-0.085268,-0.224782,-0.041705,-0.068393,-0.224782,0.912772,0.698507,0.695878,2.945262,0.790991,-4.592427
1790543152.9954,-0.070651,-0.097047,-0.208429,-0.050389,-0.076989,-0.208429,0.784073,1.127099,0.749301,2.255358,1.608951,-10.879840
1790543153.0106,-0.087341,-0.106989,-0.189702,-0.061475,-0.085989,-0.189702,0.723366,1.074891,0.754157,0.185647,2.166651,-9.055714
1790543153.0254,-0.096884,-0.112956,-0.174317,-0.072097,-0.094079,-0.174317,0.451398,0.657226,0.754157,-0.235960,2.166651,-9.987182
1790543153.0398,-0.099553,-0.117251,-0.160618,-0.080334,-0.101031,-0.160618,0.326341,0.198280,0.733517,-0.120976,1.943571,-10.608161
1790543153.0542,-0.089011,-0.120046,-0.154125,-0.082937,-0.106735,-0.154125,0.134507,-0.719611,0.733517,-0.235960,0.642271,-13.169700
1790543153.0694,-0.081473,-0.118231,-0.149402,-0.082498,-0.110184,-0.149402,-0.215166,-0.588484,0.552609,1.948735,-0.510309,-12.044175
1790543153.0841,-0.076923,-0.116664,-0.156134,-0.080825,-0.112128,-0.156134,-0.302584,-0.507136,0.592676,3.558510,-2.257768,-10.452916
1790543153.0989,-0.068245,-0.111312,-0.159156,-0.077051,-0.111883,-0.159156,-0.562411,-0.813100,0.451836,2.830278,-1.774428,-7.192776
1790543153.1139,-0.067833,-0.103002,-0.155271,-0.074286,-0.109219,-0.155271,-0.751817,-0.340799,0.347419,3.826806,-1.811608,-6.222497
1790543153.1288,-0.062065,-0.088970,-0.153100,-0.070619,-0.103144,-0.153100,-1.052924,-0.538704,0.223577,2.293686,-0.770569,-8.745224
1790543153.1431,-0.049699,-0.071241,-0.151539,-0.064343,-0.093573,-0.151539,-1.318821,-1.031646,0.149514,2.408670,-0.101329,-9.172147
1790543153.1582,-0.038250,-0.049056,-0.150804,-0.056515,-0.080218,-0.150804,-1.537367,-0.985508,0.070595,3.251886,0.084571,-8.357112
1790543153.1729,-0.035768,-0.037770,-0.145757,-0.050291,-0.067484,-0.145757,-0.912084,-0.259451,-0.104241,2.715294,-1.514168,-14.993826
1790543153.1876,-0.050840,-0.050879,-0.144337,-0.050456,-0.062502,-0.144337,0.854493,1.218160,-0.514621,-3.263871,0.865351,-21.203616
1790543153.2019,-0.039103,-0.055906,-0.151658,-0.047050,-0.060523,-0.151658,0.452612,-0.497423,-1.114408,-2.957247,2.389731,-9.599070
1790543153.2168,-0.050039,-0.065132,-0.172783,-0.047947,-0.061906,-0.172783,0.644447,0.590448,-0.357997,3.635166,1.385871,-10.452916
1790543153.2317,-0.043969,-0.077198,-0.169714,-0.046753,-0.066494,-0.169714,0.802285,-0.210886,-0.459985,-2.229015,0.679451,-9.793126
1790543153.2464,-0.035664,-0.092616,-0.180479,-0.043427,-0.074330,-0.180479,1.002619,-0.556916,-0.685815,0.875551,-0.101329,-9.443825
1790543153.2606,-0.020813,-0.105259,-0.189014,-0.036643,-0.083609,-0.189014,1.009903,-0.879878,-0.762306,-1.347472,1.943571,-7.425644
1790543153.2754,-0.009330,-0.114578,-0.204891,-0.028449,-0.092899,-0.204891,0.694226,-0.797316,-0.756236,0.683911,1.237151,-6.998721
1790543153.2906,0.006272,-0.122542,-0.219923,-0.018033,-0.101792,-0.219923,0.606808,-1.043787,-0.700385,0.453943,1.720491,-8.085434
1790543153.3054,-0.026661,-0.115212,-0.232013,-0.020621,-0.105818,-0.232013,-0.525986,2.129980,-0.598397,4.593365,0.493551,-20.854315
1790543153.3206,-0.024856,-0.095182,-0.223536,-0.021892,-0.102627,-0.223536,-1.355245,0.308767,-0.667603,-10.776156,-0.138509,-13.286133
1790543153.3356,-0.022409,-0.078317,-0.239471,-0.022047,-0.095334,-0.239471,-1.392884,0.099935,-0.615395,-3.532167,-3.670608,-8.861658
1790543153.3528,-0.047796,-0.049674,-0.262804,-0.029772,-0.081636,-0.262804,-1.639355,1.394210,-0.503694,1.450471,0.753811,-4.786483
1790543153.3683,-0.060766,-0.030441,-0.269587,-0.039070,-0.066278,-0.269587,-1.153698,0.991115,-0.605682,-0.580912,2.241011,-8.434735
1790543153.3844,-0.051926,-0.044584,-0.273615,-0.042927,-0.059769,-0.273615,0.752505,-0.444001,-0.417490,-1.155832,-2.109048,-18.836133
1790543153.4001,-0.055059,-0.041044,-0.270428,-0.046566,-0.054152,-0.270428,-0.116821,0.080509,0.412983,1.412143,3.282051,-9.249770
1790543153.4158,-0.053871,-0.042623,-0.262185,-0.048758,-0.050693,-0.262185,0.021592,-0.241239,0.757799,1.795423,0.456371,-13.014455
1790543153.4304,-0.045316,-0.052042,-0.248323,-0.047725,-0.051098,-0.248323,0.519390,-0.689258,0.812436,0.108991,-0.324409,-7.658511
1790543153.4447,-0.057649,-0.062834,-0.252300,-0.050702,-0.054619,-0.252300,0.775574,0.562523,0.765084,3.750150,1.646131,-9.482637
1790543153.4593,-0.067545,-0.073304,-0.245807,-0.055755,-0.060224,-0.245807,0.741578,0.535812,0.820935,1.373815,1.869211,-9.909560
1790543153.4736,-0.082833,-0.081728,-0.234562,-0.063879,-0.066675,-0.234562,0.638376,1.012970,0.904711,0.185647,1.869211,-7.930189
1790543153.4876,-0.092432,-0.084718,-0.217543,-0.072445,-0.072088,-0.217543,0.255921,0.691222,0.964204,-0.695896,2.352551,-9.405014
1790543153.5026,-0.092691,-0.086817,-0.195901,-0.078519,-0.076507,-0.195901,0.106582,0.099935,0.846432,-1.730752,1.162791,-9.055714
1790543153.5169,-0.092533,-0.086083,-0.183522,-0.082723,-0.079380,-0.183522,-0.069469,0.000375,0.674024,-0.389272,1.274331,-9.637881
1790543153.5317,-0.089246,-0.084695,-0.172525,-0.084680,-0.080974,-0.172525,-0.122891,-0.240025,0.629100,0.032335,1.088431,-9.637881
1790543153.5466,-0.079232,-0.079523,-0.162188,-0.083046,-0.080539,-0.162188,-0.365720,-0.679544,0.531969,-0.120976,1.423051,-11.888930
1790543153.5616,-0.062119,-0.069141,-0.155808,-0.076768,-0.077120,-0.155808,-0.755459,-1.250191,0.448193,1.833751,0.605091,-13.674245
1790543153.5769,-0.048803,-0.054863,-0.154764,-0.068378,-0.070443,-0.154764,-1.034712,-1.125135,0.270929,3.750150,-0.361589,-9.094525
1790543153.5916,-0.039228,-0.039036,-0.151176,-0.059633,-0.061021,-0.151176,-1.174338,-1.051072,0.035385,4.286742,-0.324409,-5.213406
1790543153.6064,-0.032337,-0.032484,-0.146700,-0.051444,-0.052460,-0.146700,-0.462851,-0.422146,-0.015609,-0.810880,1.423051,-13.208511
1790543153.6214,-0.046069,-0.045314,-0.151951,-0.049832,-0.050316,-0.151951,0.882418,1.099174,-0.544975,-2.114032,2.315371,-15.381938
1790543153.6357,-0.031379,-0.049837,-0.165060,-0.044296,-0.050173,-0.165060,0.481752,-0.668617,-1.297743,-5.141942,5.661571,-14.760958
1790543153.6504,-0.037634,-0.054702,-0.195984,-0.042298,-0.051531,-0.195984,0.353052,0.325765,-1.375448,4.516709,1.199971,-9.055714
1790543153.6656,-0.041861,-0.060921,-0.216086,-0.042167,-0.054348,-0.216086,0.513319,0.269915,-0.809658,1.182175,1.646131,-5.989630
1790543153.6806,-0.029612,-0.073771,-0.225412,-0.038400,-0.060175,-0.225412,0.805927,-0.639478,-1.113193,-1.040848,-0.026969,-10.918651
1790543153.6956,-0.015768,-0.093689,-0.239277,-0.031610,-0.070229,-0.239277,1.285514,-0.741466,-1.323240,-1.194160,0.047391,-9.909560
1790543153.7101,-0.005714,-0.099756,-0.268694,-0.023842,-0.079087,-0.268694,0.574026,-0.678330,-1.365735,0.990535,2.761531,-7.464455
1790543153.7244,0.002066,-0.106692,-0.280806,-0.016069,-0.087369,-0.280806,0.422259,-0.600625,-1.177543,1.910407,0.084571,-9.870749
1790543153.7392,-0.005628,-0.112900,-0.306047,-0.012937,-0.095028,-0.306047,0.504820,0.586806,-1.131406,-0.082648,2.649991,-11.035084
1790543153.7544,-0.018578,-0.105571,-0.318203,-0.014629,-0.098191,-0.318203,-0.540556,1.009327,-1.014848,-2.650623,-0.138509,-17.167252
1790543153.7692,-0.026511,-0.095955,-0.318947,-0.018194,-0.097520,-0.318947,-0.802811,0.734931,-0.938357,-2.918919,-2.443668,-13.790679
1790543153.7844,-0.024839,-0.087032,-0.318474,-0.020187,-0.094374,-0.318474,-0.774886,0.232276,-0.866723,-3.263871,-1.811608,-6.300119
1790543153.7992,-0.035329,-0.068481,-0.328577,-0.024730,-0.086606,-0.328577,-1.287253,0.974117,-0.887363,-1.424128,0.196111,-5.058161
1790543153.8141,-0.045464,-0.050939,-0.351802,-0.030950,-0.075906,-0.351802,-1.395312,0.898840,-0.918931,-0.887536,-1.514168,-5.174595
1790543153.8289,-0.059327,-0.030545,-0.364231,-0.039463,-0.062298,-0.364231,-1.435379,1.147739,-0.905575,-0.810880,0.047391,-9.055714
1790543153.8432,-0.046664,-0.037526,-0.371926,-0.041623,-0.054866,-0.371926,0.333626,-0.620051,-0.802373,-4.682006,-3.075728,-19.961658
1790543153.8581,-0.059084,-0.053970,-0.387662,-0.046862,-0.054597,-0.387662,1.104606,0.674224,0.189581,3.366870,1.683311,-12.781588
1790543153.8729,-0.055197,-0.051053,-0.360011,-0.049362,-0.053534,-0.360011,-0.087681,-0.216956,0.623030,-1.577440,3.244871,-9.327392
1790543153.8882,-0.043797,-0.057131,-0.354831,-0.047693,-0.054613,-0.354831,0.413760,-0.848310,0.433624,0.875551,1.534591,-9.094525
1790543153.9028,-0.060062,-0.067293,-0.371124,-0.051404,-0.058417,-0.371124,0.735507,0.795638,0.652169,4.785005,2.166651,-10.142427
1790543153.9185,-0.070695,-0.079119,-0.365832,-0.057191,-0.064628,-0.365832,0.820497,0.630515,0.378987,0.722239,2.241011,-9.676693
1790543153.9330,-0.089910,-0.085342,-0.365239,-0.067007,-0.070842,-0.365239,0.519390,1.161095,0.478547,2.638638,2.612811,-9.366203
1790543153.9477,-0.098604,-0.088361,-0.355388,-0.076486,-0.076097,-0.355388,0.314200,0.530955,0.626672,0.722239,2.724351,-7.930189
1790543153.9627,-0.105247,-0.093902,-0.345437,-0.085114,-0.081439,-0.345437,0.356695,0.384044,0.711662,0.798895,1.311511,-9.055714
1790543153.9782,-0.110855,-0.095934,-0.334202,-0.092836,-0.085787,-0.334202,0.152719,0.343977,0.678880,0.262303,1.906391,-9.016902
1790543153.9929,-0.093138,-0.098465,-0.317015,-0.092927,-0.089591,-0.317015,-0.026974,-1.133634,0.727446,-1.845736,-1.960328,-13.286133
1790543154.0080,-0.081691,-0.091127,-0.309158,-0.089556,-0.090052,-0.309158,-0.504132,-0.904161,0.585391,2.523654,1.460231,-11.578441
1790543154.0229,-0.076081,-0.081593,-0.302045,-0.085513,-0.087514,-0.302045,-0.776100,-0.576342,0.555038,3.481854,-1.030829,-11.151518
1790543154.0379,-0.064861,-0.068814,-0.297727,-0.079318,-0.081904,-0.297727,-0.975219,-0.926015,0.279428,2.485326,-0.696209,-8.434735
1790543154.0530,-0.055119,-0.052075,-0.300611,-0.072058,-0.072955,-0.300611,-1.154912,-0.878664,0.109448,2.945262,0.419191,-7.192776
1790543154.0676,-0.043185,-0.036243,-0.305776,-0.063396,-0.061942,-0.305776,-1.071136,-1.011005,-0.018037,2.753622,1.237151,-7.969000
1790543154.0826,-0.038470,-0.025061,-0.310238,-0.055918,-0.050877,-0.310238,-0.753031,-0.390579,-0.167377,2.600310,1.980751,-14.838581
1790543154.0969,-0.049950,-0.032415,-0.316758,-0.054128,-0.045339,-0.316758,0.565527,1.008113,-0.623894,-2.190688,3.133331,-15.653616
1790543154.1117,-0.037252,-0.040015,-0.326533,-0.049065,-0.043741,-0.326533,0.617735,-0.470712,-1.436155,-4.413711,3.728211,-13.480189
1790543154.1266,-0.044290,-0.049756,-0.344942,-0.047632,-0.045546,-0.344942,0.690584,0.453250,-0.878864,2.217030,1.385871,-8.784035
1790543154.1419,-0.041295,-0.062631,-0.347683,-0.045731,-0.050671,-0.347683,0.894560,0.044084,-0.616609,-1.692424,1.125611,-6.067252
1790543154.1568,-0.020382,-0.075559,-0.357342,-0.038127,-0.058137,-0.357342,0.929770,-1.165201,-0.945642,-2.612295,2.092291,-10.491728
1790543154.1718,-0.013935,-0.089766,-0.375280,-0.030869,-0.067626,-0.375280,1.020831,-0.367510,-1.019705,0.377287,2.203831,-9.987182
1790543154.1864,-0.000830,-0.095714,-0.392454,-0.021857,-0.076052,-0.392454,0.529103,-0.826456,-0.980852,-0.197632,2.464091,-8.163056
1790543154.2014,0.009502,-0.103907,-0.405758,-0.012449,-0.084409,-0.405758,0.566741,-0.652833,-0.859438,0.070663,1.348691,-9.599070
1790543154.2159,-0.019985,-0.107536,-0.409382,-0.014710,-0.091347,-0.409382,0.173359,1.933289,-0.661533,3.213558,-0.435949,-14.139979
1790543154.2307,-0.032489,-0.092049,-0.412740,-0.020044,-0.091558,-0.412740,-1.089348,1.184164,-0.532834,-7.403293,0.047391,-13.868301
1790543154.2454,-0.031118,-0.079032,-0.417470,-0.023366,-0.087800,-0.417470,-1.065065,0.160642,-0.639678,-2.957247,-2.071868,-8.784035
1790543154.2606,-0.035709,-0.064122,-0.427626,-0.027069,-0.080697,-0.427626,-1.209548,0.564951,-0.695529,-2.114032,-2.109048,-6.222497
1790543154.2754,-0.045818,-0.046373,-0.436516,-0.032694,-0.070400,-0.436516,-1.248401,0.787139,-0.519478,-0.159304,0.158931,-4.514804
1790543154.2901,-0.057682,-0.030343,-0.441340,-0.040190,-0.058383,-0.441340,-1.201049,0.966832,-0.316716,-1.539112,-0.621849,-11.035084
1790543154.3046,-0.054323,-0.039165,-0.448962,-0.044430,-0.052617,-0.448962,0.380978,-0.124681,-0.123668,-2.650623,-5.232168,-21.281238
1790543154.3191,-0.045244,-0.048652,-0.443655,-0.044674,-0.051428,-0.443655,0.577669,-0.743894,0.666739,0.837223,0.493551,-15.187882
1790543154.3341,-0.044676,-0.053513,-0.427636,-0.044675,-0.052053,-0.427636,0.306915,-0.148964,0.973917,0.070663,1.162791,-9.094525
1790543154.3491,-0.043368,-0.063503,-0.407434,-0.044283,-0.055488,-0.407434,0.719723,-0.077330,0.547753,-0.772552,1.720491,-8.007811
1790543154.3639,-0.061686,-0.076176,-0.420331,-0.049504,-0.061694,-0.420331,0.842352,1.009327,0.536826,2.983590,0.828171,-8.745224
1790543154.3785,-0.076317,-0.089536,-0.411898,-0.057548,-0.070047,-0.411898,0.994120,0.917052,0.551395,1.220503,2.538451,-10.103616
1790543154.3931,-0.097797,-0.097393,-0.398566,-0.069623,-0.078251,-0.398566,0.677228,1.375998,0.635171,1.373815,3.282051,-8.667602
1790543154.4077,-0.104249,-0.104993,-0.381443,-0.080010,-0.086274,-0.381443,0.508463,0.478747,0.733517,-0.695896,1.571771,-11.733686
1790543154.4228,-0.112180,-0.111850,-0.371048,-0.089661,-0.093947,-0.371048,0.412545,0.476319,0.683737,0.913879,0.828171,-9.521448
1790543154.4381,-0.101789,-0.114405,-0.359720,-0.093300,-0.100084,-0.359720,0.072586,-0.719611,0.755371,0.875551,0.158931,-14.023546
1790543154.4531,-0.092370,-0.111278,-0.352725,-0.093021,-0.103442,-0.352725,-0.285586,-0.715969,0.672810,1.910407,0.270471,-13.014455
1790543154.4680,-0.090163,-0.106991,-0.358122,-0.092163,-0.104507,-0.358122,-0.490776,-0.400292,0.716519,3.596838,-1.774428,-8.357112
1790543154.4829,-0.083598,-0.099544,-0.353377,-0.089594,-0.103018,-0.353377,-0.685039,-0.612767,0.678880,2.332014,-1.476988,-8.706413
1790543154.4981,-0.073369,-0.085579,-0.350943,-0.084726,-0.097786,-0.350943,-1.017714,-0.817957,0.519828,2.217030,-0.324409,-10.064805
1790543154.5131,-0.061469,-0.065311,-0.355993,-0.077749,-0.088044,-0.355993,-1.380742,-1.008577,0.257573,3.865134,0.865351,-10.802217
1790543154.5281,-0.049196,-0.041423,-0.355778,-0.069183,-0.074058,-0.355778,-1.606573,-1.097209,0.178654,4.325070,1.014071,-8.822846
1790543154.5429,-0.040324,-0.025524,-0.362094,-0.060526,-0.059497,-0.362094,-1.044425,-0.711112,0.052383,1.565455,1.794851,-8.900469
1790543154.5581,-0.061536,-0.038387,-0.368574,-0.060829,-0.053164,-0.368574,0.809570,1.411208,-0.361640,2.178703,0.828171,-17.438931
1790543154.5729,-0.046908,-0.051010,-0.326043,-0.056653,-0.052518,-0.326043,0.956481,-0.547203,-1.102266,-6.560078,3.467951,-12.626343
1790543154.5881,-0.052378,-0.055405,-0.363401,-0.055370,-0.053384,-0.363401,0.385834,0.246846,-0.809658,3.596838,2.166651,-8.784035
1790543154.6029,-0.044933,-0.063468,-0.359215,-0.052239,-0.056409,-0.359215,0.594667,-0.265522,-0.648177,-2.497311,1.757671,-9.870749
1790543154.6179,-0.032729,-0.077478,-0.363784,-0.046386,-0.062730,-0.363784,0.974693,-0.607910,-0.878864,-1.884064,1.423051,-9.870749
1790543154.6326,-0.017177,-0.086257,-0.376363,-0.037623,-0.069788,-0.376363,0.765861,-0.853167,-0.980852,-1.385800,2.352551,-6.183686
1790543154.6469,-0.008881,-0.091562,-0.397432,-0.029001,-0.076320,-0.397432,0.549744,-0.570272,-0.922573,0.645583,2.687171,-6.610609
1790543154.6616,-0.000140,-0.102339,-0.412358,-0.020342,-0.084126,-0.412358,0.705154,-0.514421,-1.073127,-0.197632,0.530731,-8.978091
1790543154.6769,-0.011183,-0.113178,-0.428133,-0.017595,-0.092841,-0.428133,0.623806,0.662083,-1.042773,3.328542,-0.807749,-15.575993
1790543154.6919,-0.028555,-0.096538,-0.438500,-0.020883,-0.093950,-0.438500,-1.143985,1.403923,-1.081626,-4.643678,0.530731,-16.934385
1790543154.7066,-0.026072,-0.079475,-0.439615,-0.022439,-0.089608,-0.439615,-1.310322,0.199494,-0.915288,-4.413711,-1.737248,-8.240679
1790543154.7216,-0.027903,-0.055961,-0.452540,-0.024079,-0.079514,-0.452540,-1.685492,0.563737,-0.905575,-3.148887,-0.584669,-4.592427
1790543154.7364,-0.043302,-0.037688,-0.477603,-0.029846,-0.066966,-0.477603,-1.415953,1.207232,-0.853367,-0.389272,-1.142369,-6.532986
1790543154.7514,-0.048845,-0.026569,-0.477087,-0.035545,-0.054847,-0.477087,-0.759102,0.682723,-0.798731,-2.995575,0.679451,-9.831937
1790543154.7663,-0.040003,-0.042489,-0.484392,-0.036883,-0.051139,-0.484392,0.960124,-0.549631,-0.115169,-0.810880,-0.844929,-19.767602
1790543154.7809,-0.045925,-0.040985,-0.485433,-0.039596,-0.048093,-0.485433,-0.060970,0.254131,0.439694,2.255358,2.761531,-12.548721
1790543154.7960,-0.045886,-0.048515,-0.485196,-0.041483,-0.048220,-0.485196,0.459897,-0.263094,0.975131,2.791950,1.162791,-11.500819
1790543154.8110,-0.033842,-0.059459,-0.481049,-0.039191,-0.051591,-0.481049,0.662659,-0.803387,0.178654,-0.082648,0.010211,-2.069699
1790543154.8254,-0.053126,-0.069434,-0.503151,-0.043371,-0.056944,-0.503151,0.694226,0.965618,0.414197,3.328542,0.642271,-5.213406
1790543154.8405,-0.062438,-0.082675,-0.490902,-0.049091,-0.064663,-0.490902,0.915200,0.564951,0.693450,0.262303,2.129471,-11.345574
1790543154.8557,-0.077177,-0.088711,-0.467045,-0.057517,-0.071878,-0.467045,0.439257,0.959547,0.938707,-0.619240,2.315371,-10.220049
1790543154.8702,-0.079597,-0.089290,-0.438031,-0.064141,-0.077101,-0.438031,0.089584,0.181282,1.052836,-1.117504,2.761531,-10.685784
1790543154.8854,-0.078088,-0.090212,-0.411297,-0.068325,-0.081035,-0.411297,0.056802,-0.038477,0.910781,-1.232488,1.125611,-6.998721
1790543154.9006,-0.081906,-0.092899,-0.398891,-0.072399,-0.084594,-0.398891,0.132079,0.164284,0.879214,0.798895,0.828171,-9.443825
1790543154.9156,-0.068582,-0.090551,-0.384097,-0.071254,-0.086381,-0.384097,-0.205453,-0.839811,0.590248,-1.615768,0.753811,-13.286133
1790543154.9307,-0.059958,-0.081569,-0.383153,-0.067865,-0.084937,-0.383153,-0.627974,-0.695328,0.425125,2.485326,1.051251,-14.256413
1790543154.9456,-0.051129,-0.065481,-0.395389,-0.062844,-0.079101,-0.395389,-1.137914,-0.872593,0.355918,3.366870,0.196111,-7.386832
1790543154.9604,-0.038879,-0.051589,-0.401456,-0.055655,-0.070847,-0.401456,-1.035926,-1.155488,0.173797,3.520182,-0.324409,-6.106063
1790543154.9755,-0.013927,-0.035972,-0.390079,-0.043136,-0.060385,-0.390079,-0.918154,-1.664214,0.247860,-0.389272,1.943571,-5.562707
1790543154.9898,-0.026239,-0.040885,-0.394564,-0.038067,-0.054535,-0.394564,0.336054,0.697293,0.168941,3.328542,1.646131,-13.790679
1790543155.0045,-0.032695,-0.051487,-0.403657,-0.036455,-0.053620,-0.403657,0.751291,0.574664,-0.708884,-1.079176,3.096151,-18.991378
1790543155.0192,-0.018265,-0.053364,-0.418838,-0.030998,-0.053543,-0.418838,0.158790,-0.793674,-1.278317,-0.849208,2.055111,-12.199420
1790543155.0339,-0.027596,-0.060544,-0.442421,-0.029978,-0.055644,-0.442421,0.472038,0.619588,-1.268604,2.293686,0.716631,-8.046623
1790543155.0488,-0.022445,-0.070149,-0.420976,-0.027718,-0.059995,-0.420976,0.659016,0.023444,-0.721026,-3.723807,0.902531,-6.921098
1790543155.0632,-0.008219,-0.082751,-0.428029,-0.021868,-0.066822,-0.428029,0.832639,-0.815528,-0.884935,-1.845736,0.270471,-11.035084
1790543155.0779,-0.002323,-0.095870,-0.446694,-0.016005,-0.075536,-0.446694,0.898202,-0.308017,-1.264961,-0.005993,1.274331,-9.870749
1790543155.0922,0.007146,-0.104594,-0.465890,-0.009059,-0.084254,-0.465890,0.593453,-0.578771,-1.353594,-0.120976,1.014071,-10.685784
1790543155.1066,0.012466,-0.107584,-0.491856,-0.002602,-0.091253,-0.491856,0.237709,-0.429431,-1.263747,1.450471,1.348691,-7.231588
1790543155.1219,0.006456,-0.115522,-0.507779,0.000115,-0.098534,-0.507779,0.344553,0.380402,-0.940785,1.258831,-2.480848,-13.014455
1790543155.1369,-0.003414,-0.108298,-0.516943,-0.000944,-0.101463,-0.516943,-0.516273,0.787139,-0.883721,-2.458983,0.716631,-16.817952
1790543155.1516,-0.004730,-0.098568,-0.514242,-0.002080,-0.100595,-0.514242,-0.862304,0.363404,-0.690672,-4.068759,-2.629568,-9.715504
1790543155.1664,-0.004622,-0.085879,-0.517634,-0.002842,-0.096180,-0.517634,-1.029855,0.322123,-0.685815,-3.187215,-1.291089,-6.067252
1790543155.1814,-0.010555,-0.066187,-0.531374,-0.005156,-0.087182,-0.531374,-1.496086,0.799281,-0.648177,-2.650623,-0.956469,-3.660958
1790543155.1963,-0.023887,-0.047349,-0.541041,-0.010775,-0.075232,-0.541041,-1.388027,1.136812,-0.657890,-1.654096,-0.547489,-6.028441
1790543155.2107,-0.032578,-0.034434,-0.537079,-0.017316,-0.062993,-0.537079,-0.947294,0.897626,-0.569258,-2.190688,0.233291,-6.610609
1790543155.2257,-0.024008,-0.054877,-0.555846,-0.019324,-0.060558,-0.555846,1.319510,-0.652833,-0.099385,2.600310,1.014071,-20.737882
1790543155.2406,-0.037826,-0.058852,-0.565791,-0.024874,-0.060046,-0.565791,0.327556,0.686365,0.654597,3.788478,3.207691,-13.092077
1790543155.2554,-0.031857,-0.064796,-0.541256,-0.026969,-0.061471,-0.541256,0.423473,-0.475569,1.028553,-0.427600,1.125611,-7.115154
1790543155.2706,-0.026732,-0.073416,-0.522116,-0.026898,-0.065054,-0.522116,0.603166,-0.366296,0.648527,-0.542584,1.571771,-9.521448
1790543155.2857,-0.044051,-0.081211,-0.539470,-0.032044,-0.069901,-0.539470,0.519390,0.910982,0.586605,3.520182,1.237151,-10.530539
1790543155.3004,-0.055162,-0.094137,-0.526880,-0.038979,-0.077172,-0.526880,0.920057,0.690008,0.675238,0.568927,1.906391,-11.035084
1790543155.3151,-0.073183,-0.101102,-0.510433,-0.049240,-0.084351,-0.510433,0.582525,1.106459,0.846432,1.450471,2.835891,-9.172147
1790543155.3292,-0.078377,-0.102259,-0.485333,-0.057981,-0.089723,-0.485333,0.128436,0.365832,0.953276,-0.465928,2.426911,-11.190329
1790543155.3442,-0.077369,-0.105314,-0.464118,-0.063798,-0.094401,-0.464118,0.220711,-0.118611,0.966632,0.300631,1.757671,-9.599070
1790543155.3591,-0.080948,-0.106756,-0.448951,-0.068943,-0.098107,-0.448951,0.144220,0.138787,0.806365,1.565455,2.464091,-11.112707
1790543155.3739,-0.066337,-0.110134,-0.444531,-0.068161,-0.101715,-0.444531,0.084727,-1.025575,0.810008,0.070663,-1.105189,-11.384385
1790543155.3894,-0.062804,-0.101832,-0.453256,-0.066554,-0.101750,-0.453256,-0.647401,-0.413647,0.664311,3.328542,-0.882109,-11.850119
1790543155.4042,-0.057510,-0.092610,-0.459216,-0.063841,-0.099008,-0.459216,-0.753031,-0.516849,0.531969,2.332014,-0.993649,-10.724595
1790543155.4194,-0.046379,-0.077106,-0.470452,-0.058602,-0.092438,-0.470452,-1.122130,-0.963654,0.235718,2.945262,-0.584669,-7.542077
1790543155.4356,-0.033286,-0.058297,-0.476688,-0.051007,-0.082195,-0.476688,-1.196193,-1.054714,0.088807,3.366870,0.419191,-7.425644
1790543155.4523,-0.016782,-0.039662,-0.483743,-0.040740,-0.069435,-0.483743,-1.040783,-1.102066,-0.150379,2.408670,2.724351,-9.987182
1790543155.4680,-0.036175,-0.051473,-0.496484,-0.039370,-0.064047,-0.496484,0.702725,1.230301,-0.507337,2.868606,0.530731,-18.448022
1790543155.4832,-0.032815,-0.062210,-0.487626,-0.037404,-0.063496,-0.487626,0.695441,0.103577,-1.266175,-3.033903,0.716631,-10.841028
1790543155.4995,-0.030314,-0.071469,-0.511323,-0.035277,-0.065887,-0.511323,0.697869,-0.121039,-1.084054,0.952207,2.017931,-6.028441
1790543155.5139,-0.036726,-0.081392,-0.525178,-0.035711,-0.070539,-0.525178,0.668729,0.325765,-0.500052,2.983590,0.530731,-10.336483
1790543155.5279,-0.026592,-0.094715,-0.519862,-0.032976,-0.077792,-0.519862,0.977122,-0.504708,-0.792660,-2.880591,1.311511,-12.199420
1790543155.5419,-0.014867,-0.106049,-0.526439,-0.027543,-0.086269,-0.526439,0.883633,-0.675902,-0.946856,-1.769080,2.315371,-11.733686
1790543155.5564,-0.008449,-0.109988,-0.541929,-0.021815,-0.093385,-0.541929,0.468396,-0.390579,-1.059771,0.032335,2.761531,-6.532986
1790543155.5708,-0.002930,-0.111888,-0.560055,-0.016149,-0.098936,-0.560055,0.227996,-0.413647,-1.007563,0.760567,1.460231,-5.834385
1790543155.5856,0.003342,-0.119768,-0.573265,-0.010302,-0.105186,-0.573265,0.480537,-0.424575,-0.912860,0.722239,0.084571,-11.462007
1790543155.6003,-0.015761,-0.117963,-0.588240,-0.011940,-0.109019,-0.588240,-0.137461,1.292222,-0.861866,1.373815,0.976891,-16.856763
1790543155.6151,-0.024091,-0.099577,-0.593024,-0.015585,-0.106186,-0.593024,-1.279969,0.694864,-0.643320,-2.612295,0.344831,-18.137532
1790543155.6301,-0.025632,-0.080838,-0.564422,-0.018599,-0.098582,-0.564422,-1.442664,0.504244,-0.608110,-3.647151,-1.662888,-5.096972
1790543155.6447,-0.027867,-0.064229,-0.575065,-0.021379,-0.088276,-0.575065,-1.321249,0.466606,-0.520692,-2.688951,-1.291089,-5.795574
1790543155.6594,-0.038976,-0.049129,-0.589922,-0.026658,-0.076532,-0.589922,-1.074779,0.732503,-0.376209,0.722239,0.196111,-5.795574
1790543155.6741,-0.037541,-0.053140,-0.584618,-0.029923,-0.069514,-0.584618,0.310558,0.096292,-0.379852,-2.842263,2.129471,-12.432287
1790543155.6889,-0.037600,-0.060293,-0.581295,-0.032226,-0.066748,-0.581295,0.444113,-0.079758,0.478547,1.028863,1.051251,-18.137532
1790543155.7044,-0.037740,-0.060985,-0.560640,-0.033880,-0.065019,-0.560640,0.095654,-0.045762,0.941135,-0.657568,2.055111,-9.133336
1790543155.7191,-0.020343,-0.066164,-0.539378,-0.029819,-0.065363,-0.539378,0.380978,-1.202840,0.898640,-1.040848,1.237151,-7.503266
1790543155.7339,-0.026735,-0.072851,-0.557088,-0.028894,-0.067609,-0.557088,0.474467,0.112076,0.677666,3.865134,1.237151,-8.706413
1790543155.7483,-0.043766,-0.085120,-0.559177,-0.033356,-0.072862,-0.559177,0.797428,0.951048,0.763870,2.561982,0.084571,-8.939280
1790543155.7629,-0.057084,-0.093357,-0.542278,-0.040474,-0.079011,-0.542278,0.728222,0.816279,1.023697,0.453943,3.170511,-7.658511
1790543155.7772,-0.073373,-0.093503,-0.525240,-0.050344,-0.083359,-0.525240,0.112652,1.083390,1.071048,0.108991,3.319231,-10.414105
1790543155.7917,-0.075724,-0.096540,-0.506011,-0.057958,-0.087313,-0.506011,0.219497,0.155785,1.124470,-0.887536,2.092291,-11.190329
1790543155.8066,-0.079985,-0.098103,-0.490868,-0.064566,-0.090550,-0.490868,0.119937,0.243204,0.909567,0.108991,1.460231,-8.007811
1790543155.8214,-0.080630,-0.101642,-0.478728,-0.069385,-0.093878,-0.478728,0.180644,-0.021479,0.837933,0.568927,0.493551,-9.055714
1790543155.8363,-0.074196,-0.101204,-0.467240,-0.070828,-0.096075,-0.467240,-0.031831,-0.555702,0.732303,1.987063,1.608951,-11.694875
1790543155.8514,-0.061324,-0.092221,-0.457877,-0.067977,-0.094919,-0.457877,-0.685039,-1.001292,0.661882,2.561982,-0.175689,-13.324944
1790543155.8663,-0.056455,-0.078591,-0.452818,-0.064520,-0.090021,-0.452818,-0.995859,-0.612767,0.544110,3.865134,-0.212869,-8.279490
1790543155.8806,-0.046882,-0.061422,-0.451194,-0.059229,-0.081441,-0.451194,-1.264185,-1.002506,0.216292,3.481854,0.047391,-5.950818
1790543155.8954,-0.027347,-0.042970,-0.452154,-0.049664,-0.069900,-0.452154,-1.186480,-1.425028,0.138587,0.722239,1.385871,-5.640329
1790543155.9101,-0.026800,-0.038200,-0.451089,-0.042805,-0.060390,-0.451089,-0.324439,-0.141679,0.126446,1.910407,1.757671,-12.975644
1790543155.9252,-0.044542,-0.052024,-0.462380,-0.043326,-0.057880,-0.462380,0.932198,1.286152,-0.587470,-0.389272,2.538451,-19.030189
1790543155.9405,-0.029530,-0.056858,-0.481775,-0.039187,-0.057573,-0.481775,0.360337,-0.765748,-1.334167,-1.462456,2.278191,-13.945924
1790543155.9557,-0.043985,-0.062558,-0.500426,-0.040627,-0.059069,-0.500426,0.425901,0.827206,-1.268604,3.711822,1.237151,-6.727042
1790543155.9706,-0.041248,-0.069511,-0.509721,-0.040813,-0.062201,-0.509721,0.480537,-0.276449,-0.734381,1.220503,0.419191,-3.893825
1790543155.9854,-0.031943,-0.082704,-0.520544,-0.038152,-0.068352,-0.520544,0.903059,-0.516849,-0.781733,-0.542584,0.939711,-9.909560
1790543156.0004,-0.021531,-0.091134,-0.543722,-0.033166,-0.075187,-0.543722,0.646875,-0.532633,-1.082840,-1.270816,2.166651,-10.142427
1790543156.0147,-0.014623,-0.093849,-0.565450,-0.027603,-0.080785,-0.565450,0.240137,-0.405148,-1.218824,0.223975,1.720491,-10.220049
1790543156.0294,-0.012427,-0.094330,-0.585551,-0.023050,-0.084849,-0.585551,0.094440,-0.133180,-1.079197,0.875551,1.683311,-8.512357
1790543156.0442,-0.007287,-0.096901,-0.601686,-0.018321,-0.088464,-0.601686,0.175788,-0.218170,-0.939571,-1.155832,1.051251,-10.569350
1790543156.0591,-0.022535,-0.100169,-0.611938,-0.019585,-0.091976,-0.611938,0.206141,1.038467,-0.755022,1.028863,0.976891,-14.838581
1790543156.0738,-0.027782,-0.088280,-0.623502,-0.022044,-0.090867,-0.623502,-0.793098,0.534598,-0.586256,-2.650623,1.348691,-12.471098
1790543156.0888,-0.034237,-0.072496,-0.614876,-0.025702,-0.085356,-0.614876,-1.205906,0.641442,-0.554688,-2.075704,-1.291089,-7.969000
1790543156.1038,-0.034865,-0.059877,-0.591860,-0.028451,-0.077712,-0.591860,-1.078421,0.494531,-0.548617,-3.187215,-1.662888,-3.428091
1790543156.1192,-0.051089,-0.043338,-0.603449,-0.035242,-0.067400,-0.603449,-0.984932,1.124671,-0.446629,0.108991,1.497411,-5.407462
1790543156.1343,-0.053333,-0.038052,-0.610447,-0.040670,-0.058595,-0.610447,-0.359649,0.334264,-0.345856,-1.462456,0.679451,-7.037532
1790543156.1492,-0.043749,-0.047456,-0.606480,-0.041593,-0.055254,-0.606480,0.599523,-0.672260,0.178654,0.377287,1.534591,-17.982287
1790543156.1641,-0.052585,-0.049572,-0.599738,-0.044891,-0.053549,-0.599738,0.198856,0.313624,0.907139,3.520182,2.761531,-10.530539
1790543156.1794,-0.041306,-0.061586,-0.592796,-0.043815,-0.055960,-0.592796,0.646875,-0.501066,0.869501,-3.877119,-0.733389,-5.523895
1790543156.1954,-0.046778,-0.073477,-0.590539,-0.044704,-0.061215,-0.590539,0.662659,0.091436,0.518614,1.795423,-0.138509,-4.553616
1790543156.2106,-0.066640,-0.086896,-0.584594,-0.051285,-0.068919,-0.584594,0.839923,1.247299,0.530755,0.913879,0.344831,-11.500819
1790543156.2251,-0.081901,-0.098368,-0.573609,-0.060470,-0.077754,-0.573609,0.828996,1.011756,0.834290,0.223975,2.055111,-10.297672
1790543156.2394,-0.094643,-0.104371,-0.561469,-0.070722,-0.085739,-0.561469,0.523032,0.834491,0.927779,0.568927,3.467951,-10.220049
1790543156.2542,-0.095422,-0.108478,-0.547650,-0.078132,-0.092561,-0.547650,0.255921,0.097507,0.925351,-1.040848,1.385871,-9.909560
1790543156.2694,-0.093841,-0.116485,-0.535850,-0.082844,-0.099738,-0.535850,0.485394,-0.096756,0.778440,-0.274288,0.939711,-12.238231
1790543156.2842,-0.088383,-0.117257,-0.523412,-0.084506,-0.104994,-0.523412,0.020378,-0.457356,0.771155,1.948735,1.274331,-13.790679
1790543156.2994,-0.084830,-0.113186,-0.511702,-0.084603,-0.107451,-0.511702,-0.390002,-0.359011,0.733517,2.446998,-0.844929,-12.082986
1790543156.3142,-0.080313,-0.106787,-0.500468,-0.083316,-0.107252,-0.500468,-0.570910,-0.479211,0.705591,2.408670,-0.844929,-8.784035
1790543156.3293,-0.071640,-0.093127,-0.492339,-0.079813,-0.103014,-0.492339,-1.003144,-0.858023,0.552609,4.593365,-0.398769,-9.288581
1790543156.3442,-0.063627,-0.072296,-0.488004,-0.074957,-0.093799,-0.488004,-1.439021,-0.843454,0.410555,4.325070,0.456371,-8.007811
1790543156.3593,-0.050370,-0.051460,-0.483825,-0.067581,-0.081097,-0.483825,-1.422023,-1.068070,0.189581,2.600310,0.605091,-8.473546
1790543156.3742,-0.035987,-0.032951,-0.484870,-0.058103,-0.066653,-0.484870,-1.220476,-1.123920,0.100949,2.523654,1.757671,-9.987182
1790543156.3893,-0.059796,-0.044313,-0.487443,-0.058611,-0.059951,-0.487443,0.695441,1.605471,-0.435702,2.178703,0.233291,-19.146623
1790543156.4042,-0.051617,-0.053895,-0.511223,-0.056513,-0.058134,-0.511223,0.796214,-0.221813,-1.218824,-3.992103,4.323091,-13.557812
1790543156.4194,-0.053001,-0.062681,-0.540183,-0.055459,-0.059498,-0.540183,0.759790,0.052583,-1.053700,2.293686,2.724351,-6.921098
1790543156.4342,-0.055170,-0.068800,-0.555038,-0.055372,-0.062289,-0.555038,0.540030,0.074438,-0.558331,1.987063,2.203831,-7.464455
1790543156.4495,-0.041892,-0.081863,-0.571109,-0.051328,-0.068161,-0.571109,0.930984,-0.598197,-0.912860,-3.455511,2.055111,-11.035084
1790543156.4641,-0.029525,-0.094580,-0.595141,-0.044787,-0.076087,-0.595141,1.031758,-0.669831,-0.975995,-1.117504,2.352551,-7.115154
1790543156.4782,-0.024678,-0.097377,-0.612428,-0.038755,-0.082474,-0.612428,0.394333,-0.312873,-1.003921,0.568927,2.910251,-7.270399
1790543156.4931,-0.014477,-0.100491,-0.629668,-0.031471,-0.087879,-0.629668,0.243780,-0.628550,-1.141119,0.223975,0.976891,-7.153965
1790543156.5079,-0.007044,-0.107644,-0.637718,-0.024143,-0.093809,-0.637718,0.451398,-0.496209,-1.093767,0.913879,0.419191,-9.676693
1790543156.5232,-0.035284,-0.101827,-0.649038,-0.027485,-0.096214,-0.649038,-0.408215,1.884724,-0.971139,1.450471,0.679451,-18.991378
1790543156.5381,-0.042233,-0.080865,-0.667290,-0.031910,-0.091609,-0.667290,-1.381957,0.646299,-0.792660,-3.148887,1.869211,-18.409210
1790543156.5529,-0.045474,-0.064703,-0.646087,-0.035979,-0.083538,-0.646087,-1.316393,0.520028,-0.638464,-2.803935,-2.109048,-6.688231
1790543156.5676,-0.050334,-0.047136,-0.654707,-0.040286,-0.072617,-0.654707,-1.305466,0.675438,-0.527977,-2.190688,-0.473129,-4.592427
1790543156.5822,-0.060615,-0.029923,-0.667156,-0.046384,-0.059809,-0.667156,-1.215619,1.067606,-0.576543,-2.842263,0.158931,-6.144874
1790543156.5969,-0.040935,-0.039028,-0.679084,-0.044750,-0.053575,-0.679084,0.490251,-1.106922,-0.887363,-3.915447,-2.480848,-21.009560
1790543156.6117,-0.048287,-0.041144,-0.660751,-0.045811,-0.049845,-0.660751,0.255921,0.158214,0.589034,7.276324,5.103871,-13.480189
1790543156.6267,-0.049846,-0.043424,-0.648536,-0.047021,-0.047919,-0.648536,0.116295,-0.029978,0.767513,0.990535,1.237151,-12.044175
1790543156.6416,-0.040975,-0.052337,-0.637980,-0.045208,-0.049244,-0.637980,0.561885,-0.570272,0.752943,-1.347472,0.642271,-7.037532
1790543156.6560,-0.049589,-0.061932,-0.624742,-0.046522,-0.053051,-0.624742,0.656588,0.260202,0.653383,3.251886,0.790991,-6.532986
1790543156.6704,-0.068566,-0.073321,-0.613927,-0.053135,-0.059132,-0.613927,0.801071,1.119814,0.850074,2.446998,1.646131,-10.336483
1790543156.6855,-0.082233,-0.080023,-0.606234,-0.061865,-0.065399,-0.606234,0.550958,0.811422,1.038266,0.568927,3.207691,-8.706413
1790543156.7004,-0.098588,-0.081986,-0.597316,-0.072882,-0.070375,-0.597316,0.219497,1.022683,1.145111,0.223975,2.835891,-7.658511
1790543156.7152,-0.101368,-0.084549,-0.588835,-0.081428,-0.074627,-0.588835,0.170931,0.201923,1.084404,-1.040848,2.241011,-10.103616
1790543156.7301,-0.104150,-0.086841,-0.579315,-0.088244,-0.078291,-0.579315,0.078656,0.182496,0.893783,-0.389272,0.753811,-9.715504
1790543156.7451,-0.095774,-0.086846,-0.573350,-0.090503,-0.080858,-0.573350,-0.001477,-0.518064,0.681309,-0.964192,1.832031,-10.258860
1790543156.7608,-0.088182,-0.080843,-0.554227,-0.089807,-0.080853,-0.554227,-0.449495,-0.638264,0.722589,2.600310,0.865351,-12.199420
1790543156.7759,-0.081192,-0.071655,-0.529801,-0.087222,-0.078094,-0.529801,-0.746960,-0.664975,0.648527,3.520182,-0.807749,-12.005364
1790543156.7904,-0.073185,-0.063100,-0.506655,-0.083011,-0.073595,-0.506655,-0.795526,-0.763320,0.493117,2.523654,-1.514168,-8.163056
1790543156.8054,-0.061947,-0.044294,-0.497360,-0.076692,-0.064805,-0.497360,-1.312750,-1.019504,0.126446,2.983590,0.233291,-5.950818
1790543156.8204,-0.051448,-0.025911,-0.489097,-0.069119,-0.053137,-0.489097,-1.327320,-0.845882,-0.067817,2.370342,-0.064149,-8.706413
1790543156.8351,-0.050844,-0.016684,-0.489921,-0.063636,-0.042201,-0.489921,-0.660756,-0.113754,-0.276650,2.906934,1.199971,-13.363756
1790543156.8495,-0.063103,-0.021238,-0.501600,-0.063476,-0.035912,-0.501600,0.309343,0.934050,-0.925001,2.945262,1.720491,-19.379490
1790543156.8642,-0.044490,-0.024734,-0.545434,-0.057780,-0.032559,-0.545434,0.387048,-0.821599,-1.368163,-4.375383,3.319231,-9.831937
1790543156.8794,-0.066475,-0.027248,-0.591517,-0.060389,-0.030965,-0.591517,0.559457,1.178093,-0.955355,3.826806,3.282051,-1.293476
1790543156.8942,-0.064944,-0.033274,-0.613540,-0.061755,-0.031658,-0.613540,0.474467,0.215278,-0.855795,-2.688951,1.683311,-9.249770
1790543156.9092,-0.050272,-0.044740,-0.633175,-0.058310,-0.035583,-0.633175,0.795000,-0.698971,-1.115622,-2.612295,1.497411,-12.781588
1790543156.9242,-0.041740,-0.058409,-0.661258,-0.053339,-0.042431,-0.661258,1.029330,-0.297090,-1.244321,-1.615768,2.241011,-8.395923
1790543156.9392,-0.031738,-0.060605,-0.673023,-0.046859,-0.047883,-0.673023,0.353052,-0.596983,-1.122907,0.683911,3.133331,-6.571797
1790543156.9545,-0.020351,-0.067495,-0.688562,-0.038907,-0.053766,-0.688562,0.474467,-0.640692,-1.028204,0.032335,1.385871,-9.754315
1790543156.9692,-0.010717,-0.074431,-0.709789,-0.030450,-0.059966,-0.709789,0.542459,-0.507136,-0.978424,-0.810880,2.017931,-8.861658
1790543156.9839,-0.021134,-0.079080,-0.723936,-0.027655,-0.065700,-0.723936,0.446541,0.779854,-0.866723,0.262303,4.062831,-12.199420
1790543156.9991,-0.031616,-0.064103,-0.744179,-0.028843,-0.065221,-0.744179,-0.984932,0.954691,-0.534048,-5.486894,1.534591,-15.498371
1790543157.0137,-0.033285,-0.052394,-0.741707,-0.030176,-0.061373,-0.741707,-0.967934,0.368260,-0.395635,-3.110559,-1.476988,-8.822846
1790543157.0288,-0.038038,-0.042444,-0.727651,-0.032534,-0.055694,-0.727651,-0.870803,0.367046,-0.050819,-0.504256,-1.700068,-6.882287
1790543157.0436,-0.040911,-0.026519,-0.728148,-0.035047,-0.046942,-0.728148,-1.203478,0.466606,-0.107884,-1.807408,-0.324409,-4.165504
1790543157.0581,-0.040718,-0.018372,-0.730288,-0.036748,-0.038371,-0.730288,-0.716607,0.143644,-0.055676,-2.535639,-1.216729,-11.151518
1790543157.0729,-0.034999,-0.019663,-0.725372,-0.036223,-0.032759,-0.725372,-0.063398,-0.406362,0.337706,-0.695896,-1.216729,-14.023546
1790543157.0876,-0.039720,-0.020262,-0.713517,-0.037272,-0.029009,-0.713517,-0.041544,0.153357,0.795438,1.143847,0.419191,-12.082986
