t,imu_roll,imu_pitch,pid_roll,pid_pitch,roll_meas,banked_roll,eff_lin,eff_ang,phase,p_roll,i_roll,d_roll,p_pitch,i_pitch,d_pitch,dt,ik_clamped
1790543149.2641,-0.013604,-0.007369,-0.001364,-0.000739,-0.013604,0.000000,0.000000,0.000000,0.384826,-0.001360,-0.000003,0.000000,-0.000737,-0.000002,0.000000,0.010000,0
1790543149.2788,-0.020332,-0.014818,-0.014920,-0.015746,-0.020332,0.000000,0.000291,0.000000,0.418905,-0.002033,-0.000011,-0.012875,-0.001482,-0.000008,-0.014256,0.015676,0
1790543149.2936,-0.027546,-0.020263,-0.017423,-0.013094,-0.027546,0.000000,0.001095,0.000000,0.451030,-0.002755,-0.000022,-0.014646,-0.002026,-0.000015,-0.011053,0.014778,0
1790543149.3088,-0.032886,-0.023706,-0.013846,-0.009181,-0.032886,0.000000,0.002454,0.000000,0.484124,-0.003289,-0.000034,-0.010523,-0.002371,-0.000024,-0.006786,0.015224,0
1790543149.3234,-0.036320,-0.025478,-0.010747,-0.006228,-0.036320,0.000000,0.004248,0.000000,0.515807,-0.003632,-0.000047,-0.007068,-0.002548,-0.000033,-0.003647,0.014574,0
1790543149.3376,-0.039305,-0.024851,-0.010295,-0.001205,-0.039305,0.000000,0.006447,0.000000,0.546695,-0.003931,-0.000061,-0.006303,-0.002485,-0.000042,0.001322,0.014209,0
1790543149.3533,-0.041597,-0.026690,-0.008666,-0.006276,-0.041597,0.000000,0.009337,0.000000,0.580439,-0.004160,-0.000077,-0.004429,-0.002669,-0.000053,-0.003554,0.015522,0
1790543149.3682,-0.043940,-0.029193,-0.009127,-0.007938,-0.043940,0.000000,0.012622,0.000000,0.613383,-0.004394,-0.000094,-0.004638,-0.002919,-0.000064,-0.004955,0.015154,0
1790543149.3825,-0.044992,-0.030992,-0.006804,-0.006928,-0.044992,0.000000,0.016136,0.000000,0.644630,-0.004499,-0.000110,-0.002195,-0.003099,-0.000075,-0.003754,0.014374,0
1790543149.3972,-0.046190,-0.033265,-0.007210,-0.008085,-0.046190,0.000000,0.020069,0.000000,0.676360,-0.004619,-0.000127,-0.002464,-0.003326,-0.000087,-0.004671,0.014596,0
1790543149.4121,-0.046552,-0.033391,-0.005524,-0.003693,-0.046552,0.000000,0.024446,0.000000,0.708860,-0.004655,-0.000144,-0.000725,-0.003339,-0.000099,-0.000254,0.014950,0
1790543149.4273,-0.046325,-0.031738,-0.004338,0.000038,-0.046325,0.000000,0.029128,0.000000,0.741307,-0.004632,-0.000162,0.000456,-0.003174,-0.000111,0.003323,0.014926,0
1790543149.4422,-0.044443,-0.028972,-0.000908,0.002440,-0.044443,0.000000,0.034174,0.000000,0.774349,-0.004444,-0.000179,0.003714,-0.002897,-0.000122,0.005460,0.015199,0
1790543149.4572,-0.043305,-0.025831,-0.002238,0.003601,-0.043305,0.000000,0.039357,0.000000,0.806784,-0.004331,-0.000195,0.002287,-0.002583,-0.000132,0.006316,0.014920,0
1790543149.4719,-0.039229,-0.023986,0.004175,0.001220,-0.039229,0.000000,0.044649,0.000000,0.838787,-0.003923,-0.000209,0.008308,-0.002399,-0.000141,0.003760,0.014721,0
1790543149.4866,-0.035954,-0.022944,0.002951,-0.000289,-0.035954,0.000000,0.049995,0.000000,0.870337,-0.003595,-0.000222,0.006768,-0.002294,-0.000149,0.002154,0.014513,0
1790543149.5010,-0.036978,-0.017121,-0.006029,0.010054,-0.036978,0.000000,0.055476,0.000000,0.902193,-0.003698,-0.000236,-0.002095,-0.001712,-0.000155,0.011921,0.014654,0
1790543149.5160,-0.038368,-0.016353,-0.006897,-0.000246,-0.038368,0.000000,0.061068,0.000000,0.934462,-0.003837,-0.000250,-0.002810,-0.001635,-0.000161,0.001551,0.014844,0
1790543149.5310,-0.039546,-0.017013,-0.006550,-0.003175,-0.039546,0.000000,0.066768,0.000000,0.967413,-0.003955,-0.000265,-0.002330,-0.001701,-0.000168,-0.001306,0.015157,0
1790543149.5460,-0.041713,-0.018510,-0.008832,-0.005050,-0.041713,0.000000,0.072290,0.000000,0.999679,-0.004171,-0.000281,-0.004380,-0.001851,-0.000175,-0.003024,0.014843,0
1790543149.5612,-0.043805,-0.020217,-0.008832,-0.005595,-0.043805,0.000000,0.077800,0.000000,0.032517,-0.004380,-0.000297,-0.004155,-0.002022,-0.000182,-0.003391,0.015105,0
1790543149.5760,-0.044835,-0.021476,-0.006900,-0.004908,-0.044835,0.000000,0.083010,0.000000,0.064477,-0.004484,-0.000314,-0.002103,-0.002148,-0.000190,-0.002570,0.014701,0
1790543149.5906,-0.044852,-0.021835,-0.004849,-0.003111,-0.044852,0.000000,0.088038,0.000000,0.096538,-0.004485,-0.000330,-0.000034,-0.002183,-0.000198,-0.000729,0.014748,0
1790543149.6063,-0.044689,-0.021532,-0.004506,-0.001782,-0.044689,0.000000,0.093126,0.000000,0.130670,-0.004469,-0.000348,0.000311,-0.002153,-0.000207,0.000578,0.015701,0
1790543149.6210,-0.044356,-0.019920,-0.004127,0.001047,-0.044356,0.000000,0.097649,0.000000,0.162997,-0.004436,-0.000364,0.000673,-0.001992,-0.000214,0.003253,0.014871,0
1790543149.6363,-0.045984,-0.015200,-0.008204,0.007605,-0.045984,0.000000,0.101920,0.000000,0.195938,-0.004598,-0.000382,-0.003224,-0.001520,-0.000220,0.009345,0.015153,0
1790543149.6512,-0.045002,-0.013457,-0.002925,0.001930,-0.045002,0.000000,0.105759,0.000000,0.228411,-0.004500,-0.000398,0.001973,-0.001346,-0.000225,0.003500,0.014938,0
1790543149.6661,-0.045287,-0.012893,-0.005518,-0.000385,-0.045287,0.000000,0.109185,0.000000,0.260792,-0.004529,-0.000415,-0.000574,-0.001289,-0.000230,0.001135,0.014895,0
1790543149.6812,-0.046679,-0.013793,-0.007860,-0.003397,-0.046679,0.000000,0.112226,0.000000,0.293702,-0.004668,-0.000433,-0.002759,-0.001379,-0.000235,-0.001783,0.015139,0
1790543149.6960,-0.048772,-0.015096,-0.009583,-0.004399,-0.048772,0.000000,0.114736,0.000000,0.325773,-0.004877,-0.000451,-0.004255,-0.001510,-0.000241,-0.002649,0.014752,0
1790543149.7110,-0.052573,-0.017862,-0.013288,-0.007534,-0.052573,0.000000,0.116816,0.000000,0.358565,-0.005257,-0.000471,-0.007560,-0.001786,-0.000247,-0.005501,0.015085,0
1790543149.7261,-0.053893,-0.020338,-0.008522,-0.007245,-0.053893,0.000000,0.118378,0.000000,0.391157,-0.005389,-0.000491,-0.002641,-0.002034,-0.000255,-0.004956,0.014992,0
1790543149.7412,-0.051950,-0.021448,-0.001869,-0.004598,-0.051950,0.000000,0.119433,0.000000,0.424194,-0.005195,-0.000511,0.003837,-0.002145,-0.000263,-0.002191,0.015197,0
1790543149.7560,-0.051580,-0.023714,-0.004941,-0.007216,-0.051580,0.000000,0.119942,0.000000,0.456514,-0.005158,-0.000530,0.000747,-0.002371,-0.000272,-0.004572,0.014867,0
1790543149.7710,-0.054152,-0.028745,-0.011110,-0.013220,-0.054152,0.000000,0.120000,0.000000,0.489121,-0.005415,-0.000550,-0.005144,-0.002875,-0.000283,-0.010063,0.014999,0
1790543149.7863,-0.056458,-0.033063,-0.010785,-0.012153,-0.056458,0.000000,0.120000,0.000000,0.522049,-0.005646,-0.000571,-0.004567,-0.003306,-0.000295,-0.008552,0.015146,0
1790543149.8007,-0.057365,-0.035986,-0.008210,-0.009967,-0.057365,0.000000,0.120000,0.000000,0.553515,-0.005737,-0.000592,-0.001881,-0.003599,-0.000308,-0.006060,0.014474,0
1790543149.8149,-0.056972,-0.038152,-0.005486,-0.008680,-0.056972,0.000000,0.120000,0.000000,0.584605,-0.005697,-0.000613,0.000824,-0.003815,-0.000322,-0.004543,0.014301,0
1790543149.8297,-0.057125,-0.040032,-0.006659,-0.008204,-0.057125,0.000000,0.120000,0.000000,0.616341,-0.005712,-0.000633,-0.000313,-0.004003,-0.000336,-0.003865,0.014599,0
1790543149.8443,-0.057966,-0.041395,-0.008157,-0.007252,-0.057966,0.000000,0.120000,0.000000,0.648523,-0.005797,-0.000655,-0.001705,-0.004139,-0.000352,-0.002760,0.014804,0
1790543149.8588,-0.057108,-0.040766,-0.004588,-0.003126,-0.057108,0.000000,0.120000,0.000000,0.679656,-0.005711,-0.000675,0.001798,-0.004077,-0.000366,0.001317,0.014321,0
1790543149.8739,-0.053430,-0.037919,0.001240,0.001460,-0.053430,0.000000,0.120000,0.000000,0.712619,-0.005343,-0.000696,0.007278,-0.003792,-0.000381,0.005633,0.015163,0
1790543149.8887,-0.048221,-0.033207,0.005079,0.005889,-0.048221,0.000000,0.120000,0.000000,0.744622,-0.004822,-0.000713,0.010614,-0.003321,-0.000393,0.009603,0.014721,0
1790543149.9037,-0.046968,-0.030826,-0.002940,0.001239,-0.046968,0.000000,0.120000,0.000000,0.777477,-0.004697,-0.000731,0.002488,-0.003083,-0.000405,0.004726,0.015113,0
1790543149.9188,-0.045659,-0.028478,-0.002686,0.001452,-0.045659,0.000000,0.120000,0.000000,0.809947,-0.004566,-0.000748,0.002628,-0.002848,-0.000415,0.004715,0.014936,0
1790543149.9336,-0.043184,-0.028341,-0.000113,-0.002985,-0.043184,0.000000,0.120000,0.000000,0.842429,-0.004318,-0.000764,0.004970,-0.002834,-0.000426,0.000275,0.014942,0
1790543149.9484,-0.040715,-0.030645,0.000158,-0.008174,-0.040715,0.000000,0.120000,0.000000,0.874576,-0.004072,-0.000779,0.005009,-0.003064,-0.000437,-0.004672,0.014787,0
1790543149.9636,-0.040401,-0.033437,-0.004195,-0.009486,-0.040401,0.000000,0.120000,0.000000,0.906558,-0.004040,-0.000794,0.000640,-0.003344,-0.000449,-0.005693,0.014712,0
1790543149.9784,-0.037165,-0.036370,0.001779,-0.009813,-0.037165,0.000000,0.120000,0.000000,0.940044,-0.003716,-0.000809,0.006304,-0.003637,-0.000463,-0.005713,0.015403,0
1790543149.9938,-0.033721,-0.041963,0.002611,-0.015727,-0.033721,0.000000,0.120000,0.000000,0.973049,-0.003372,-0.000821,0.006805,-0.004196,-0.000479,-0.011052,0.015182,0
1790543150.0091,-0.028952,-0.048131,0.005653,-0.017442,-0.028952,0.000000,0.120000,0.000000,0.006208,-0.002895,-0.000832,0.009380,-0.004813,-0.000498,-0.012131,0.015253,0
1790543150.0235,-0.023683,-0.053424,0.007626,-0.016747,-0.023683,0.000000,0.120000,0.000000,0.037917,-0.002368,-0.000841,0.010835,-0.005342,-0.000517,-0.010887,0.014586,0
1790543150.0386,-0.018624,-0.059977,0.007552,-0.019829,-0.018624,0.000000,0.120000,0.000000,0.070071,-0.001862,-0.000848,0.010262,-0.005998,-0.000539,-0.013292,0.014791,0
1790543150.0535,-0.011076,-0.066376,0.012937,-0.019829,-0.011076,0.000000,0.120000,0.000000,0.103117,-0.001108,-0.000852,0.014896,-0.006638,-0.000565,-0.012627,0.015201,0
1790543150.0687,-0.005662,-0.071480,0.009308,-0.017855,-0.005662,0.000000,0.120000,0.000000,0.136025,-0.000566,-0.000854,0.010729,-0.007148,-0.000592,-0.010115,0.015138,0
1790543150.0837,-0.008027,-0.072457,-0.006407,-0.009827,-0.008027,0.000000,0.120000,0.000000,0.168508,-0.000803,-0.000857,-0.004747,-0.007246,-0.000619,-0.001962,0.014942,0
1790543150.0987,-0.010532,-0.069292,-0.006880,-0.001302,-0.010532,0.000000,0.120000,0.000000,0.201416,-0.001053,-0.000861,-0.004966,-0.006929,-0.000645,0.006272,0.015137,0
1790543150.1142,-0.013626,-0.064750,-0.008410,0.001930,-0.013626,0.000000,0.120000,0.000000,0.234059,-0.001363,-0.000866,-0.006181,-0.006475,-0.000669,0.009075,0.015016,0
1790543150.1287,-0.017452,-0.057396,-0.010317,0.008368,-0.017452,0.000000,0.120000,0.000000,0.266471,-0.001745,-0.000873,-0.007699,-0.005740,-0.000691,0.014798,0.014910,0
1790543150.1437,-0.023112,-0.047994,-0.014528,0.013323,-0.023112,0.000000,0.120000,0.000000,0.299033,-0.002311,-0.000881,-0.011336,-0.004799,-0.000709,0.018831,0.014978,0
1790543150.1589,-0.027172,-0.041995,-0.011718,0.007058,-0.027172,0.000000,0.120000,0.000000,0.331686,-0.002717,-0.000892,-0.008109,-0.004199,-0.000724,0.011982,0.015020,0
1790543150.1735,-0.028286,-0.040917,-0.005974,-0.002663,-0.028286,0.000000,0.120000,0.000000,0.364083,-0.002829,-0.000902,-0.002243,-0.004092,-0.000740,0.002169,0.014903,0
1790543150.1887,-0.031721,-0.041722,-0.010914,-0.006527,-0.031721,0.000000,0.120000,0.000000,0.396888,-0.003172,-0.000914,-0.006828,-0.004172,-0.000755,-0.001599,0.015090,0
1790543150.2035,-0.033557,-0.046772,-0.007997,-0.015664,-0.033557,0.000000,0.120000,0.000000,0.429137,-0.003356,-0.000927,-0.003714,-0.004677,-0.000773,-0.010214,0.014834,0
1790543150.2186,-0.034543,-0.054347,-0.006333,-0.021121,-0.034543,0.000000,0.120000,0.000000,0.462307,-0.003454,-0.000940,-0.001939,-0.005435,-0.000793,-0.014893,0.015259,0
1790543150.2335,-0.040973,-0.062390,-0.018113,-0.023394,-0.040973,0.000000,0.120000,0.000000,0.494411,-0.004097,-0.000955,-0.013061,-0.006239,-0.000816,-0.016339,0.014768,0
1790543150.2487,-0.050334,-0.071391,-0.024433,-0.025699,-0.050334,0.000000,0.120000,0.000000,0.527544,-0.005033,-0.000974,-0.018426,-0.007139,-0.000844,-0.017716,0.015241,0
1790543150.2632,-0.060590,-0.079633,-0.028209,-0.025837,-0.060590,0.000000,0.120000,0.000000,0.559164,-0.006059,-0.000996,-0.021154,-0.007963,-0.000873,-0.017001,0.014545,0
1790543150.2773,-0.068834,-0.086402,-0.025464,-0.023961,-0.068834,0.000000,0.120000,0.000000,0.589782,-0.006883,-0.001020,-0.017561,-0.008640,-0.000903,-0.014417,0.014084,0
1790543150.2923,-0.072251,-0.092876,-0.015241,-0.023434,-0.072251,0.000000,0.120000,0.000000,0.621749,-0.007225,-0.001047,-0.006970,-0.009288,-0.000937,-0.013209,0.014705,0
1790543150.3073,-0.072503,-0.097456,-0.008822,-0.019752,-0.072503,0.000000,0.120000,0.000000,0.654818,-0.007250,-0.001075,-0.000497,-0.009746,-0.000974,-0.009032,0.015212,0
1790543150.3222,-0.071764,-0.101234,-0.006794,-0.018723,-0.071764,0.000000,0.120000,0.000000,0.687286,-0.007176,-0.001101,0.001484,-0.010123,-0.001012,-0.007587,0.014935,0
1790543150.3372,-0.070756,-0.103073,-0.006179,-0.015054,-0.070756,0.000000,0.120000,0.000000,0.719744,-0.007076,-0.001128,0.002025,-0.010307,-0.001051,-0.003696,0.014931,0
1790543150.3523,-0.067063,-0.100360,-0.000480,-0.005704,-0.067063,0.000000,0.120000,0.000000,0.752385,-0.006706,-0.001153,0.007380,-0.010036,-0.001088,0.005421,0.015015,0
1790543150.3680,-0.063464,-0.092584,-0.000594,0.004592,-0.063464,0.000000,0.120000,0.000000,0.786250,-0.006346,-0.001178,0.006930,-0.009258,-0.001124,0.014975,0.015578,0
1790543150.3835,-0.057793,-0.080566,0.003915,0.013878,-0.057793,0.000000,0.120000,0.000000,0.820195,-0.005779,-0.001200,0.010895,-0.008057,-0.001156,0.023090,0.015615,0
1790543150.3989,-0.051244,-0.065319,0.006376,0.021899,-0.051244,0.000000,0.120000,0.000000,0.853775,-0.005124,-0.001220,0.012721,-0.006532,-0.001181,0.029612,0.015447,0
1790543150.4137,-0.052831,-0.057490,-0.009706,0.008754,-0.052831,0.000000,0.120000,0.000000,0.886286,-0.005283,-0.001240,-0.003183,-0.005749,-0.001202,0.015705,0.014955,0
1790543150.4285,-0.054361,-0.057911,-0.009820,-0.007874,-0.054361,0.000000,0.120000,0.000000,0.918228,-0.005436,-0.001260,-0.003124,-0.005791,-0.001224,-0.000859,0.014693,0
1790543150.4431,-0.055281,-0.057413,-0.008684,-0.005971,-0.055281,0.000000,0.120000,0.000000,0.950219,-0.005528,-0.001280,-0.001876,-0.005741,-0.001245,0.001016,0.014716,0
1790543150.4576,-0.057881,-0.059479,-0.012487,-0.011505,-0.057881,0.000000,0.120000,0.000000,0.981630,-0.005788,-0.001301,-0.005398,-0.005948,-0.001266,-0.004291,0.014449,0
1790543150.4724,-0.053899,-0.064700,0.001366,-0.018353,-0.053899,0.000000,0.120000,0.000000,0.013775,-0.005390,-0.001321,0.008077,-0.006470,-0.001290,-0.010592,0.014787,0
1790543150.4870,-0.047223,-0.072011,0.007773,-0.023664,-0.047223,0.000000,0.120000,0.000000,0.045253,-0.004722,-0.001338,0.013833,-0.007201,-0.001316,-0.015147,0.014480,0
1790543150.5026,-0.039074,-0.079055,0.010342,-0.022740,-0.039074,0.000000,0.120000,0.000000,0.079314,-0.003907,-0.001353,0.015603,-0.007906,-0.001347,-0.013487,0.015668,0
1790543150.5171,-0.028816,-0.086606,0.016654,-0.025423,-0.028816,0.000000,0.120000,0.000000,0.111324,-0.002882,-0.001364,0.020900,-0.008661,-0.001379,-0.015384,0.014724,0
1790543150.5320,-0.023007,-0.094073,0.008210,-0.026096,-0.023007,0.000000,0.120000,0.000000,0.143203,-0.002301,-0.001372,0.011883,-0.009407,-0.001414,-0.015275,0.014664,0
1790543150.5470,-0.026993,-0.094969,-0.012025,-0.012734,-0.026993,0.000000,0.120000,0.000000,0.175927,-0.002699,-0.001382,-0.007944,-0.009497,-0.001449,-0.001787,0.015053,0
1790543150.5619,-0.028432,-0.090350,-0.007144,-0.001183,-0.028432,0.000000,0.120000,0.000000,0.208198,-0.002843,-0.001393,-0.002908,-0.009035,-0.001483,0.009335,0.014845,0
1790543150.5770,-0.030488,-0.082844,-0.008515,0.005029,-0.030488,0.000000,0.120000,0.000000,0.241213,-0.003049,-0.001405,-0.004062,-0.008284,-0.001514,0.014828,0.015187,0
1790543150.5920,-0.035016,-0.070910,-0.013957,0.015184,-0.035016,0.000000,0.120000,0.000000,0.273892,-0.003502,-0.001418,-0.009037,-0.007091,-0.001541,0.023816,0.015032,0
1790543150.6069,-0.039771,-0.057767,-0.015078,0.019388,-0.039771,0.000000,0.120000,0.000000,0.305963,-0.003977,-0.001432,-0.009669,-0.005777,-0.001562,0.026727,0.014753,0
1790543150.6223,-0.039916,-0.052268,-0.005723,0.003945,-0.039916,0.000000,0.120000,0.000000,0.339309,-0.003992,-0.001448,-0.000283,-0.005227,-0.001582,0.010754,0.015339,0
1790543150.6372,-0.040081,-0.047615,-0.005799,0.002866,-0.040081,0.000000,0.120000,0.000000,0.372197,-0.004008,-0.001463,-0.000328,-0.004762,-0.001600,0.009227,0.015128,0
1790543150.6522,-0.039618,-0.045557,-0.004515,-0.002060,-0.039618,0.000000,0.120000,0.000000,0.404837,-0.003962,-0.001478,0.000924,-0.004556,-0.001617,0.004113,0.015014,0
1790543150.6669,-0.040046,-0.047457,-0.006370,-0.010261,-0.040046,0.000000,0.120000,0.000000,0.436778,-0.004005,-0.001492,-0.000873,-0.004746,-0.001635,-0.003880,0.014693,0
1790543150.6820,-0.044794,-0.051204,-0.015609,-0.014366,-0.044794,0.000000,0.120000,0.000000,0.468968,-0.004479,-0.001509,-0.009620,-0.005120,-0.001654,-0.007591,0.014807,0
1790543150.6963,-0.050770,-0.057362,-0.018854,-0.020034,-0.050770,0.000000,0.120000,0.000000,0.500782,-0.005077,-0.001528,-0.012250,-0.005736,-0.001675,-0.012623,0.014635,0
1790543150.7113,-0.060422,-0.063653,-0.027267,-0.020886,-0.060422,0.000000,0.120000,0.000000,0.532778,-0.006042,-0.001550,-0.019675,-0.006365,-0.001698,-0.012823,0.014718,0
1790543150.7257,-0.069851,-0.069549,-0.027877,-0.020759,-0.069851,0.000000,0.120000,0.000000,0.564611,-0.006985,-0.001575,-0.019317,-0.006955,-0.001724,-0.012080,0.014643,0
1790543150.7399,-0.077853,-0.075633,-0.026393,-0.022242,-0.077853,0.000000,0.120000,0.000000,0.595301,-0.007785,-0.001603,-0.017005,-0.007563,-0.001750,-0.012928,0.014117,0
1790543150.7548,-0.085583,-0.081837,-0.025683,-0.022396,-0.085583,0.000000,0.120000,0.000000,0.627847,-0.008558,-0.001635,-0.015490,-0.008184,-0.001781,-0.012431,0.014971,0
1790543150.7698,-0.090387,-0.086955,-0.020409,-0.020846,-0.090387,0.000000,0.120000,0.000000,0.660140,-0.009039,-0.001668,-0.009702,-0.008696,-0.001813,-0.010337,0.014855,0
1790543150.7847,-0.088494,-0.090628,-0.006734,-0.018312,-0.088494,0.000000,0.120000,0.000000,0.692496,-0.008849,-0.001701,0.003817,-0.009063,-0.001847,-0.007402,0.014884,0
1790543150.7995,-0.084298,-0.089252,-0.001676,-0.008024,-0.084298,0.000000,0.120000,0.000000,0.724738,-0.008430,-0.001733,0.008487,-0.008925,-0.001880,0.002782,0.014831,0
1790543150.8147,-0.081012,-0.084430,-0.003416,-0.000891,-0.081012,0.000000,0.120000,0.000000,0.757970,-0.008101,-0.001764,0.006449,-0.008443,-0.001912,0.009464,0.015287,0
1790543150.8300,-0.076629,-0.074713,-0.000786,0.009808,-0.076629,0.000000,0.120000,0.000000,0.790942,-0.007663,-0.001793,0.008669,-0.007471,-0.001941,0.019220,0.015167,0
1790543150.8450,-0.070196,-0.061495,0.004054,0.018379,-0.070196,0.000000,0.120000,0.000000,0.823482,-0.007020,-0.001819,0.012893,-0.006150,-0.001964,0.026492,0.014968,0
1790543150.8597,-0.065824,-0.050054,0.000443,0.016219,-0.065824,0.000000,0.120000,0.000000,0.855635,-0.006582,-0.001843,0.008868,-0.005005,-0.001982,0.023207,0.014791,0
1790543150.8751,-0.066903,-0.046247,-0.010686,0.000878,-0.066903,0.000000,0.120000,0.000000,0.888729,-0.006690,-0.001869,-0.002127,-0.004625,-0.002000,0.007502,0.015223,0
1790543150.8904,-0.064571,-0.043192,-0.003783,-0.000353,-0.064571,0.000000,0.120000,0.000000,0.922027,-0.006457,-0.001893,0.004567,-0.004319,-0.002016,0.005983,0.015317,0
1790543150.9050,-0.064184,-0.042434,-0.007557,-0.004753,-0.064184,0.000000,0.120000,0.000000,0.954500,-0.006418,-0.001917,0.000778,-0.004243,-0.002032,0.001523,0.014938,0
1790543150.9201,-0.061374,-0.045598,-0.002358,-0.013049,-0.061374,0.000000,0.120000,0.000000,0.986538,-0.006137,-0.001940,0.005719,-0.004560,-0.002049,-0.006440,0.014738,0
1790543150.9362,-0.055008,-0.052547,0.004476,-0.020358,-0.055008,0.000000,0.120000,0.000000,0.021312,-0.005501,-0.001962,0.011939,-0.005255,-0.002070,-0.013034,0.015996,0
1790543150.9510,-0.047076,-0.059178,0.009228,-0.021314,-0.047076,0.000000,0.120000,0.000000,0.053815,-0.004708,-0.001980,0.015916,-0.005918,-0.002092,-0.013304,0.014951,0
1790543150.9657,-0.039823,-0.065637,0.008936,-0.021961,-0.039823,0.000000,0.120000,0.000000,0.085536,-0.003982,-0.001994,0.014912,-0.006564,-0.002116,-0.013281,0.014592,0
1790543150.9802,-0.032443,-0.072519,0.009725,-0.023359,-0.032443,0.000000,0.120000,0.000000,0.117673,-0.003244,-0.002006,0.014976,-0.007252,-0.002143,-0.013964,0.014783,0
1790543150.9948,-0.027060,-0.080525,0.006360,-0.026706,-0.027060,0.000000,0.120000,0.000000,0.149357,-0.002706,-0.002016,0.011082,-0.008053,-0.002172,-0.016481,0.014574,0
1790543151.0100,-0.029940,-0.083102,-0.010699,-0.015593,-0.029940,0.000000,0.120000,0.000000,0.182441,-0.002994,-0.002027,-0.005678,-0.008310,-0.002204,-0.005079,0.015219,0
1790543151.0247,-0.032305,-0.079443,-0.010077,-0.002739,-0.032305,0.000000,0.120000,0.000000,0.214523,-0.003230,-0.002039,-0.004808,-0.007944,-0.002233,0.007439,0.014758,0
1790543151.0400,-0.035310,-0.073320,-0.011502,0.002464,-0.035310,0.000000,0.120000,0.000000,0.247643,-0.003531,-0.002053,-0.005918,-0.007332,-0.002261,0.012057,0.015235,0
1790543151.0547,-0.041883,-0.063567,-0.019654,0.011238,-0.041883,0.000000,0.120000,0.000000,0.279636,-0.004188,-0.002068,-0.013398,-0.006357,-0.002285,0.019880,0.014717,0
1790543151.0699,-0.049680,-0.051815,-0.022873,0.016359,-0.049680,0.000000,0.120000,0.000000,0.311781,-0.004968,-0.002087,-0.015819,-0.005181,-0.002304,0.023844,0.014786,0
1790543151.0848,-0.052999,-0.048356,-0.013891,-0.000403,-0.052999,0.000000,0.120000,0.000000,0.345172,-0.005300,-0.002107,-0.006484,-0.004836,-0.002322,0.006755,0.015360,0
1790543151.1000,-0.057240,-0.047784,-0.016304,-0.005977,-0.057240,0.000000,0.120000,0.000000,0.377896,-0.005724,-0.002128,-0.008451,-0.004778,-0.002340,0.001141,0.015053,0
1790543151.1147,-0.060814,-0.048844,-0.015412,-0.009372,-0.060814,0.000000,0.120000,0.000000,0.410364,-0.006081,-0.002151,-0.007179,-0.004884,-0.002358,-0.002129,0.014935,0
1790543151.1303,-0.056933,-0.052501,-0.000230,-0.014825,-0.056933,0.000000,0.120000,0.000000,0.443511,-0.005693,-0.002173,0.007636,-0.005250,-0.002378,-0.007196,0.015247,0
1790543151.1447,-0.059920,-0.058422,-0.014287,-0.020331,-0.059920,0.000000,0.120000,0.000000,0.475451,-0.005992,-0.002195,-0.006100,-0.005842,-0.002400,-0.012089,0.014693,0
1790543151.1599,-0.066757,-0.066826,-0.022717,-0.026098,-0.066757,0.000000,0.120000,0.000000,0.507710,-0.006676,-0.002220,-0.013822,-0.006683,-0.002425,-0.016991,0.014839,0
1790543151.1748,-0.076094,-0.075723,-0.028464,-0.027757,-0.076094,0.000000,0.120000,0.000000,0.540434,-0.007609,-0.002248,-0.018607,-0.007572,-0.002453,-0.017731,0.015053,0
1790543151.1894,-0.086859,-0.082810,-0.032806,-0.025141,-0.086859,0.000000,0.120000,0.000000,0.572582,-0.008686,-0.002280,-0.021839,-0.008281,-0.002484,-0.014377,0.014788,0
1790543151.2037,-0.095179,-0.089293,-0.029426,-0.025154,-0.095179,0.000000,0.120000,0.000000,0.603422,-0.009518,-0.002314,-0.017594,-0.008929,-0.002516,-0.013709,0.014186,0
1790543151.2182,-0.098231,-0.094902,-0.018413,-0.023509,-0.098231,0.000000,0.120000,0.000000,0.635323,-0.009823,-0.002350,-0.006240,-0.009490,-0.002550,-0.011469,0.014675,0
1790543151.2331,-0.098126,-0.097906,-0.011986,-0.018458,-0.098126,0.000000,0.120000,0.000000,0.667532,-0.009813,-0.002387,0.000213,-0.009791,-0.002587,-0.006081,0.014816,0
1790543151.2476,-0.097124,-0.099851,-0.010059,-0.016637,-0.097124,0.000000,0.120000,0.000000,0.699018,-0.009712,-0.002422,0.002075,-0.009985,-0.002623,-0.004029,0.014483,0
1790543151.2641,-0.094614,-0.098877,-0.007233,-0.010732,-0.094614,0.000000,0.120000,0.000000,0.733941,-0.009461,-0.002460,0.004688,-0.009888,-0.002662,0.001818,0.016065,0
1790543151.2799,-0.088548,-0.092989,0.000102,-0.000882,-0.088548,0.000000,0.120000,0.000000,0.768488,-0.008855,-0.002495,0.011451,-0.009299,-0.002699,0.011116,0.015892,0
1790543151.2956,-0.080047,-0.083574,0.005729,0.006918,-0.080047,0.000000,0.120000,0.000000,0.802583,-0.008005,-0.002526,0.016260,-0.008357,-0.002732,0.018008,0.015684,0
1790543151.3116,-0.069869,-0.071774,0.010110,0.012845,-0.069869,0.000000,0.120000,0.000000,0.836364,-0.006987,-0.002553,0.019650,-0.007177,-0.002760,0.022782,0.015539,0
1790543151.3274,-0.065239,-0.063103,-0.000715,0.006614,-0.065239,0.000000,0.120000,0.000000,0.872356,-0.006524,-0.002580,0.008390,-0.006310,-0.002786,0.015711,0.016557,0
1790543151.3422,-0.063962,-0.059403,-0.006448,-0.001349,-0.063962,0.000000,0.120000,0.000000,0.904975,-0.006396,-0.002604,0.002553,-0.005940,-0.002808,0.007399,0.015005,0
1790543151.3570,-0.057689,-0.059251,0.004455,-0.008445,-0.057689,0.000000,0.120000,0.000000,0.936812,-0.005769,-0.002626,0.012849,-0.005925,-0.002830,0.000310,0.014645,0
1790543151.3723,-0.054953,-0.063441,-0.002791,-0.017391,-0.054953,0.000000,0.120000,0.000000,0.970164,-0.005495,-0.002647,0.005350,-0.006344,-0.002854,-0.008193,0.015342,0
1790543151.3880,-0.049677,-0.072118,0.002715,-0.027111,-0.049677,0.000000,0.120000,0.000000,0.003419,-0.004968,-0.002666,0.010348,-0.007212,-0.002882,-0.017017,0.015297,0
1790543151.4031,-0.041388,-0.082169,0.009322,-0.030705,-0.041388,0.000000,0.120000,0.000000,0.036908,-0.004139,-0.002682,0.016142,-0.008217,-0.002914,-0.019574,0.015405,0
1790543151.4175,-0.034114,-0.091902,0.009016,-0.032369,-0.034114,0.000000,0.120000,0.000000,0.068279,-0.003411,-0.002694,0.015121,-0.009190,-0.002947,-0.020232,0.014431,0
1790543151.4325,-0.025698,-0.100647,0.011627,-0.030611,-0.025698,0.000000,0.120000,0.000000,0.100756,-0.002570,-0.002703,0.016900,-0.010065,-0.002984,-0.017561,0.014939,0
1790543151.4475,-0.022807,-0.108226,0.000813,-0.029066,-0.022807,0.000000,0.120000,0.000000,0.133235,-0.002281,-0.002712,0.005805,-0.010823,-0.003025,-0.015219,0.014941,0
1790543151.4625,-0.027821,-0.111619,-0.015494,-0.020989,-0.027821,0.000000,0.120000,0.000000,0.165972,-0.002782,-0.002722,-0.009989,-0.011162,-0.003067,-0.006760,0.015059,0
1790543151.4774,-0.031095,-0.108516,-0.012396,-0.007748,-0.031095,0.000000,0.120000,0.000000,0.198554,-0.003109,-0.002734,-0.006552,-0.010852,-0.003108,0.006211,0.014988,0
1790543151.4922,-0.032762,-0.102320,-0.009390,-0.000867,-0.032762,0.000000,0.120000,0.000000,0.230855,-0.003276,-0.002746,-0.003367,-0.010232,-0.003146,0.012511,0.014858,0
1790543151.5070,-0.038750,-0.090724,-0.018831,0.011366,-0.038750,0.000000,0.120000,0.000000,0.262875,-0.003875,-0.002761,-0.012195,-0.009072,-0.003179,0.023617,0.014729,0
1790543151.5223,-0.045466,-0.073586,-0.020640,0.023416,-0.045466,0.000000,0.120000,0.000000,0.295767,-0.004547,-0.002778,-0.013316,-0.007359,-0.003207,0.033981,0.015131,0
1790543151.5375,-0.049627,-0.061816,-0.015878,0.013548,-0.049627,0.000000,0.120000,0.000000,0.329199,-0.004963,-0.002797,-0.008118,-0.006182,-0.003231,0.022960,0.015379,0
1790543151.5524,-0.051283,-0.059584,-0.011296,-0.004693,-0.051283,0.000000,0.120000,0.000000,0.361411,-0.005128,-0.002816,-0.003352,-0.005958,-0.003253,0.004518,0.014817,0
1790543151.5674,-0.053733,-0.058128,-0.013088,-0.006187,-0.053733,0.000000,0.120000,0.000000,0.394168,-0.005373,-0.002836,-0.004879,-0.005813,-0.003275,0.002900,0.015068,0
1790543151.5826,-0.053375,-0.059432,-0.007484,-0.011824,-0.053375,0.000000,0.120000,0.000000,0.427074,-0.005338,-0.002856,0.000709,-0.005943,-0.003297,-0.002584,0.015137,0
1790543151.5974,-0.052630,-0.064024,-0.006635,-0.018985,-0.052630,0.000000,0.120000,0.000000,0.459411,-0.005263,-0.002876,0.001504,-0.006402,-0.003321,-0.009262,0.014875,0
1790543151.6125,-0.057334,-0.071012,-0.018034,-0.024418,-0.057334,0.000000,0.120000,0.000000,0.492038,-0.005733,-0.002897,-0.009403,-0.007101,-0.003347,-0.013969,0.015008,0
1790543151.6274,-0.064790,-0.079022,-0.024354,-0.027344,-0.064790,0.000000,0.120000,0.000000,0.524555,-0.006479,-0.002922,-0.014954,-0.007902,-0.003377,-0.016065,0.014958,0
1790543151.6425,-0.075423,-0.086029,-0.031811,-0.026060,-0.075423,0.000000,0.120000,0.000000,0.557085,-0.007542,-0.002950,-0.021319,-0.008603,-0.003409,-0.014048,0.014964,0
1790543151.6575,-0.084101,-0.091738,-0.028596,-0.023936,-0.084101,0.000000,0.120000,0.000000,0.589981,-0.008410,-0.002982,-0.017204,-0.009174,-0.003444,-0.011318,0.015132,0
1790543151.6723,-0.090692,-0.095685,-0.025528,-0.021099,-0.090692,0.000000,0.120000,0.000000,0.621953,-0.009069,-0.003015,-0.013444,-0.009568,-0.003479,-0.008051,0.014707,0
1790543151.6872,-0.091557,-0.098635,-0.013929,-0.019260,-0.091557,0.000000,0.120000,0.000000,0.654673,-0.009156,-0.003049,-0.001724,-0.009864,-0.003516,-0.005881,0.015052,0
1790543151.7019,-0.090127,-0.099064,-0.009181,-0.014333,-0.090127,0.000000,0.120000,0.000000,0.686673,-0.009013,-0.003083,0.002914,-0.009906,-0.003553,-0.000874,0.014720,0
1790543151.7169,-0.086881,-0.097295,-0.005304,-0.009776,-0.086881,0.000000,0.120000,0.000000,0.719244,-0.008688,-0.003115,0.006500,-0.009729,-0.003589,0.003543,0.014983,0
1790543151.7312,-0.082458,-0.092913,-0.002134,-0.003743,-0.082458,0.000000,0.120000,0.000000,0.750403,-0.008246,-0.003145,0.009256,-0.009291,-0.003622,0.009171,0.014333,0
1790543151.7462,-0.076405,-0.083777,0.001452,0.006481,-0.076405,0.000000,0.120000,0.000000,0.782591,-0.007640,-0.003173,0.012265,-0.008378,-0.003653,0.018512,0.014807,0
1790543151.7622,-0.068032,-0.070897,0.005612,0.013250,-0.068032,0.000000,0.120000,0.000000,0.817561,-0.006803,-0.003200,0.015615,-0.007090,-0.003682,0.024021,0.016086,0
1790543151.7772,-0.062503,-0.060369,0.001655,0.011445,-0.062503,0.000000,0.120000,0.000000,0.849966,-0.006250,-0.003224,0.011128,-0.006037,-0.003704,0.021186,0.014906,0
1790543151.7922,-0.063714,-0.057247,-0.012037,-0.003216,-0.063714,0.000000,0.120000,0.000000,0.882633,-0.006371,-0.003248,-0.002418,-0.005725,-0.003726,0.006235,0.015027,0
1790543151.8075,-0.060212,-0.057170,-0.002440,-0.009316,-0.060212,0.000000,0.120000,0.000000,0.915968,-0.006021,-0.003271,0.006852,-0.005717,-0.003748,0.000149,0.015334,0
1790543151.8223,-0.060362,-0.057610,-0.009632,-0.010418,-0.060362,0.000000,0.120000,0.000000,0.948292,-0.006036,-0.003293,-0.000303,-0.005761,-0.003769,-0.000887,0.014869,0
1790543151.8373,-0.059526,-0.060802,-0.007573,-0.016347,-0.059526,0.000000,0.120000,0.000000,0.980445,-0.005953,-0.003315,0.001695,-0.006080,-0.003792,-0.006475,0.014790,0
1790543151.8525,-0.053324,-0.067616,0.003439,-0.023880,-0.053324,0.000000,0.120000,0.000000,0.013856,-0.005332,-0.003336,0.012107,-0.006762,-0.003818,-0.013300,0.015369,0
1790543151.8669,-0.045421,-0.074875,0.008435,-0.026330,-0.045421,0.000000,0.120000,0.000000,0.045419,-0.004542,-0.003352,0.016329,-0.007487,-0.003845,-0.014998,0.014519,0
1790543151.8813,-0.038227,-0.081259,0.007914,-0.025402,-0.038227,0.000000,0.120000,0.000000,0.076488,-0.003823,-0.003366,0.015102,-0.008126,-0.003874,-0.013402,0.014292,0
1790543151.8964,-0.030156,-0.088030,0.009669,-0.026185,-0.030156,0.000000,0.120000,0.000000,0.109255,-0.003016,-0.003377,0.016062,-0.008803,-0.003907,-0.013475,0.015073,0
1790543151.9113,-0.028453,-0.094095,-0.002823,-0.025494,-0.028453,0.000000,0.120000,0.000000,0.141835,-0.002845,-0.003388,0.003410,-0.009409,-0.003942,-0.012142,0.014987,0
1790543151.9263,-0.033031,-0.094895,-0.015916,-0.015078,-0.033031,0.000000,0.120000,0.000000,0.174245,-0.003303,-0.003400,-0.009213,-0.009490,-0.003978,-0.001610,0.014909,0
1790543151.9412,-0.035725,-0.090284,-0.012386,-0.003797,-0.035725,0.000000,0.120000,0.000000,0.206780,-0.003573,-0.003413,-0.005400,-0.009028,-0.004012,0.009243,0.014966,0
1790543151.9560,-0.038318,-0.083498,-0.012518,0.001372,-0.038318,0.000000,0.120000,0.000000,0.238934,-0.003832,-0.003428,-0.005258,-0.008350,-0.004042,0.013765,0.014791,0
1790543151.9707,-0.044056,-0.072119,-0.019539,0.011900,-0.044056,0.000000,0.120000,0.000000,0.270948,-0.004406,-0.003444,-0.011690,-0.007212,-0.004069,0.023181,0.014726,0
1790543151.9854,-0.050729,-0.060344,-0.022346,0.014245,-0.050729,0.000000,0.120000,0.000000,0.302459,-0.005073,-0.003462,-0.013811,-0.006034,-0.004091,0.024370,0.014495,0
1790543151.9999,-0.052210,-0.053676,-0.011715,0.004091,-0.052210,0.000000,0.120000,0.000000,0.334507,-0.005221,-0.003481,-0.003013,-0.005368,-0.004111,0.013569,0.014742,0
1790543152.0147,-0.052780,-0.051767,-0.009932,-0.005445,-0.052780,0.000000,0.120000,0.000000,0.366752,-0.005278,-0.003501,-0.001153,-0.005177,-0.004130,0.003862,0.014833,0
1790543152.0298,-0.055452,-0.052037,-0.014476,-0.009900,-0.055452,0.000000,0.120000,0.000000,0.398974,-0.005545,-0.003522,-0.005409,-0.005204,-0.004149,-0.000547,0.014822,0
1790543152.0450,-0.052531,-0.056279,-0.003044,-0.018149,-0.052531,0.000000,0.120000,0.000000,0.432105,-0.005253,-0.003542,0.005751,-0.005628,-0.004171,-0.008351,0.015240,0
1790543152.0597,-0.052897,-0.062527,-0.009589,-0.023026,-0.052897,0.000000,0.120000,0.000000,0.464496,-0.005290,-0.003561,-0.000738,-0.006253,-0.004194,-0.012579,0.014900,0
1790543152.0744,-0.059603,-0.070429,-0.023264,-0.027429,-0.059603,0.000000,0.120000,0.000000,0.496372,-0.005960,-0.003583,-0.013720,-0.007043,-0.004220,-0.016166,0.014663,0
1790543152.0891,-0.069645,-0.079214,-0.031235,-0.030246,-0.069645,0.000000,0.120000,0.000000,0.528068,-0.006964,-0.003608,-0.020662,-0.007921,-0.004248,-0.018076,0.014580,0
1790543152.1036,-0.080924,-0.087004,-0.034852,-0.028949,-0.080924,0.000000,0.120000,0.000000,0.559883,-0.008092,-0.003638,-0.023121,-0.008700,-0.004280,-0.015969,0.014635,0
1790543152.1186,-0.089329,-0.094146,-0.029822,-0.028363,-0.089329,0.000000,0.120000,0.000000,0.591717,-0.008933,-0.003671,-0.017219,-0.009415,-0.004315,-0.014633,0.014643,0
1790543152.1335,-0.093249,-0.100035,-0.020764,-0.025971,-0.093249,0.000000,0.120000,0.000000,0.624783,-0.009325,-0.003706,-0.007733,-0.010004,-0.004353,-0.011614,0.015210,0
1790543152.1486,-0.093174,-0.104296,-0.012907,-0.023356,-0.093174,0.000000,0.120000,0.000000,0.657347,-0.009317,-0.003741,0.000152,-0.010430,-0.004392,-0.008534,0.014980,0
1790543152.1635,-0.091461,-0.106008,-0.009503,-0.018449,-0.091461,0.000000,0.120000,0.000000,0.690027,-0.009146,-0.003775,0.003419,-0.010601,-0.004432,-0.003416,0.015033,0
1790543152.1784,-0.089003,-0.105803,-0.007780,-0.014639,-0.089003,0.000000,0.120000,0.000000,0.722548,-0.008900,-0.003809,0.004929,-0.010580,-0.004471,0.000413,0.014960,0
1790543152.1932,-0.084562,-0.102000,-0.003189,-0.006911,-0.084562,0.000000,0.120000,0.000000,0.754352,-0.008456,-0.003840,0.009107,-0.010200,-0.004509,0.007797,0.014630,0
1790543152.2082,-0.078637,-0.094023,-0.000005,0.001845,-0.078637,0.000000,0.120000,0.000000,0.787300,-0.007864,-0.003870,0.011728,-0.009402,-0.004544,0.015791,0.015156,0
1790543152.2232,-0.070816,-0.081817,0.004694,0.011700,-0.070816,0.000000,0.120000,0.000000,0.819847,-0.007082,-0.003896,0.015671,-0.008182,-0.004575,0.024456,0.014972,0
1790543152.2381,-0.063379,-0.068358,0.004650,0.015545,-0.063379,0.000000,0.120000,0.000000,0.852380,-0.006338,-0.003920,0.014908,-0.006836,-0.004600,0.026981,0.014965,0
1790543152.2532,-0.062717,-0.063686,-0.008889,-0.001637,-0.062717,0.000000,0.120000,0.000000,0.884947,-0.006272,-0.003943,0.001326,-0.006369,-0.004624,0.009356,0.014981,0
1790543152.2682,-0.059739,-0.061502,-0.004020,-0.006456,-0.059739,0.000000,0.120000,0.000000,0.917753,-0.005974,-0.003966,0.005919,-0.006150,-0.004647,0.004342,0.015091,0
1790543152.2832,-0.058657,-0.060651,-0.007659,-0.009012,-0.058657,0.000000,0.120000,0.000000,0.949941,-0.005866,-0.003987,0.002194,-0.006065,-0.004670,0.001723,0.014807,0
1790543152.2976,-0.057372,-0.063885,-0.007108,-0.017718,-0.057372,0.000000,0.120000,0.000000,0.981714,-0.005737,-0.004008,0.002637,-0.006388,-0.004693,-0.006636,0.014615,0
1790543152.3122,-0.051384,-0.070537,0.003083,-0.025379,-0.051384,0.000000,0.120000,0.000000,0.013599,-0.005138,-0.004027,0.012248,-0.007054,-0.004719,-0.013607,0.014667,0
1790543152.3266,-0.043186,-0.079240,0.008967,-0.031070,-0.043186,0.000000,0.120000,0.000000,0.044451,-0.004319,-0.004043,0.017328,-0.007924,-0.004747,-0.018398,0.014192,0
1790543152.3410,-0.034391,-0.085531,0.011102,-0.026630,-0.034391,0.000000,0.120000,0.000000,0.075298,-0.003439,-0.004055,0.018596,-0.008553,-0.004778,-0.013300,0.014190,0
1790543152.3557,-0.025847,-0.092858,0.010295,-0.028630,-0.025847,0.000000,0.120000,0.000000,0.108183,-0.002585,-0.004065,0.016944,-0.009286,-0.004813,-0.014531,0.015127,0
1790543152.3701,-0.018122,-0.101118,0.010261,-0.032224,-0.018122,0.000000,0.120000,0.000000,0.139388,-0.001812,-0.004071,0.016145,-0.010112,-0.004849,-0.017264,0.014354,0
1790543152.3851,-0.021805,-0.104058,-0.013691,-0.021225,-0.021805,0.000000,0.120000,0.000000,0.171711,-0.002181,-0.004079,-0.007432,-0.010406,-0.004888,-0.005931,0.014868,0
1790543152.4002,-0.024780,-0.100082,-0.012522,-0.006973,-0.024780,0.000000,0.120000,0.000000,0.204285,-0.002478,-0.004088,-0.005955,-0.010008,-0.004925,0.007960,0.014984,0
1790543152.4156,-0.026677,-0.092319,-0.010405,0.000697,-0.026677,0.000000,0.120000,0.000000,0.238287,-0.002668,-0.004099,-0.003639,-0.009232,-0.004961,0.014890,0.015641,0
1790543152.4301,-0.034850,-0.080552,-0.024971,0.011970,-0.034850,0.000000,0.120000,0.000000,0.268965,-0.003485,-0.004111,-0.017375,-0.008055,-0.004990,0.025015,0.014112,0
1790543152.4451,-0.042757,-0.067291,-0.024019,0.014446,-0.042757,0.000000,0.120000,0.000000,0.301987,-0.004276,-0.004127,-0.015616,-0.006729,-0.005015,0.026190,0.015190,0
1790543152.4597,-0.049136,-0.056846,-0.022000,0.010467,-0.049136,0.000000,0.120000,0.000000,0.334137,-0.004914,-0.004146,-0.012941,-0.005685,-0.005036,0.021188,0.014789,0
1790543152.4750,-0.049332,-0.053173,-0.009488,-0.003058,-0.049332,0.000000,0.120000,0.000000,0.366885,-0.004933,-0.004164,-0.000391,-0.005317,-0.005056,0.007316,0.015064,0
1790543152.4898,-0.051426,-0.050907,-0.013550,-0.005594,-0.051426,0.000000,0.120000,0.000000,0.399200,-0.005143,-0.004183,-0.004224,-0.005091,-0.005075,0.004572,0.014865,0
1790543152.5048,-0.050792,-0.052386,-0.008024,-0.013271,-0.050792,0.000000,0.120000,0.000000,0.432043,-0.005079,-0.004202,0.001257,-0.005239,-0.005095,-0.002937,0.015108,0
1790543152.5200,-0.048810,-0.056888,-0.005135,-0.019814,-0.048810,0.000000,0.120000,0.000000,0.464631,-0.004881,-0.004221,0.003967,-0.005689,-0.005116,-0.009009,0.014991,0
1790543152.5347,-0.053427,-0.063620,-0.018790,-0.024928,-0.053427,0.000000,0.120000,0.000000,0.497334,-0.005343,-0.004241,-0.009206,-0.006362,-0.005140,-0.013426,0.015043,0
1790543152.5498,-0.062178,-0.071161,-0.028070,-0.027439,-0.062178,0.000000,0.120000,0.000000,0.529783,-0.006218,-0.004264,-0.017588,-0.007116,-0.005167,-0.015156,0.014927,0
1790543152.5649,-0.072007,-0.077594,-0.031389,-0.025977,-0.072007,0.000000,0.120000,0.000000,0.562001,-0.007201,-0.004291,-0.019898,-0.007759,-0.005196,-0.013022,0.014820,0
1790543152.5797,-0.079081,-0.082794,-0.026328,-0.023871,-0.079081,0.000000,0.120000,0.000000,0.594719,-0.007908,-0.004320,-0.014099,-0.008279,-0.005227,-0.010365,0.015050,0
1790543152.5948,-0.084721,-0.086736,-0.024149,-0.021846,-0.084721,0.000000,0.120000,0.000000,0.627201,-0.008472,-0.004352,-0.011325,-0.008674,-0.005259,-0.007914,0.014942,0
1790543152.6097,-0.084944,-0.090088,-0.013322,-0.020972,-0.084944,0.000000,0.120000,0.000000,0.659975,-0.008494,-0.004384,-0.000444,-0.009009,-0.005293,-0.006670,0.015076,0
1790543152.6244,-0.083892,-0.090634,-0.010667,-0.015499,-0.083892,0.000000,0.120000,0.000000,0.692066,-0.008389,-0.004415,0.002137,-0.009063,-0.005326,-0.001109,0.014762,0
1790543152.6387,-0.079989,-0.088475,-0.004312,-0.009709,-0.079989,0.000000,0.120000,0.000000,0.723374,-0.007999,-0.004444,0.008131,-0.008848,-0.005358,0.004496,0.014402,0
1790543152.6544,-0.075017,-0.083049,-0.002365,-0.003208,-0.075017,0.000000,0.120000,0.000000,0.757118,-0.007502,-0.004473,0.009610,-0.008305,-0.005391,0.010487,0.015522,0
1790543152.6694,-0.067339,-0.073783,0.004136,0.005751,-0.067339,0.000000,0.120000,0.000000,0.789701,-0.006734,-0.004498,0.015369,-0.007378,-0.005418,0.018547,0.014988,0
1790543152.6838,-0.057194,-0.062613,0.010724,0.011378,-0.057194,0.000000,0.120000,0.000000,0.821263,-0.005719,-0.004519,0.020963,-0.006261,-0.005441,0.023080,0.014519,0
1790543152.6985,-0.053903,-0.055161,-0.003209,0.004237,-0.053903,0.000000,0.120000,0.000000,0.853204,-0.005390,-0.004539,0.006720,-0.005516,-0.005461,0.015215,0.014693,0
1790543152.7135,-0.054028,-0.051874,-0.010211,-0.004088,-0.054028,0.000000,0.120000,0.000000,0.885789,-0.005403,-0.004559,-0.000250,-0.005187,-0.005481,0.006580,0.014989,0
1790543152.7284,-0.052095,-0.050939,-0.005883,-0.008703,-0.052095,0.000000,0.120000,0.000000,0.918064,-0.005210,-0.004578,0.003905,-0.005094,-0.005500,0.001890,0.014847,0
1790543152.7431,-0.051903,-0.052147,-0.009397,-0.013191,-0.051903,0.000000,0.120000,0.000000,0.950131,-0.005190,-0.004598,0.000391,-0.005215,-0.005519,-0.002457,0.014750,0
1790543152.7576,-0.050517,-0.056861,-0.006813,-0.020935,-0.050517,0.000000,0.120000,0.000000,0.981795,-0.005052,-0.004616,0.002854,-0.005686,-0.005539,-0.009710,0.014565,0
1790543152.7722,-0.044732,-0.065124,0.002756,-0.029019,-0.044732,0.000000,0.120000,0.000000,0.013603,-0.004473,-0.004632,0.011861,-0.006512,-0.005563,-0.016943,0.014632,0
1790543152.7870,-0.036559,-0.073894,0.008612,-0.031128,-0.036559,0.000000,0.120000,0.000000,0.045117,-0.003656,-0.004646,0.016914,-0.007389,-0.005590,-0.018148,0.014496,0
1790543152.8012,-0.028467,-0.081898,0.009452,-0.030580,-0.028467,0.000000,0.120000,0.000000,0.076244,-0.002847,-0.004656,0.016954,-0.008190,-0.005619,-0.016771,0.014319,0
1790543152.8160,-0.019978,-0.089108,0.010438,-0.029083,-0.019978,0.000000,0.120000,0.000000,0.108626,-0.001998,-0.004663,0.017099,-0.008911,-0.005653,-0.014520,0.014896,0
1790543152.8311,-0.018017,-0.096143,-0.002560,-0.029341,-0.018017,0.000000,0.120000,0.000000,0.141309,-0.001802,-0.004670,0.003912,-0.009614,-0.005689,-0.014038,0.015034,0
1790543152.8468,-0.020163,-0.097012,-0.010888,-0.017126,-0.020163,0.000000,0.120000,0.000000,0.174678,-0.002016,-0.004678,-0.004194,-0.009701,-0.005726,-0.001699,0.015350,0
1790543152.8619,-0.020338,-0.092931,-0.007059,-0.007111,-0.020338,0.000000,0.120000,0.000000,0.208181,-0.002034,-0.004686,-0.000340,-0.009293,-0.005762,0.007944,0.015411,0
1790543152.8763,-0.021362,-0.085497,-0.008940,0.000983,-0.021362,0.000000,0.120000,0.000000,0.239818,-0.002136,-0.004693,-0.002111,-0.008550,-0.005793,0.015325,0.014553,0
1790543152.8913,-0.025811,-0.075076,-0.016362,0.007934,-0.025811,0.000000,0.120000,0.000000,0.271781,-0.002581,-0.004703,-0.009078,-0.007508,-0.005820,0.021262,0.014703,0
1790543152.9065,-0.032866,-0.064416,-0.021829,0.008608,-0.032866,0.000000,0.120000,0.000000,0.305055,-0.003287,-0.004715,-0.013827,-0.006442,-0.005845,0.020895,0.015306,0
1790543152.9212,-0.034857,-0.058673,-0.012242,-0.000119,-0.034857,0.000000,0.120000,0.000000,0.337301,-0.003486,-0.004728,-0.004028,-0.005867,-0.005867,0.011615,0.014833,0
1790543152.9361,-0.036590,-0.056482,-0.011892,-0.007121,-0.036590,0.000000,0.120000,0.000000,0.369670,-0.003659,-0.004742,-0.003491,-0.005648,-0.005888,0.004415,0.014890,0
1790543152.9510,-0.038893,-0.056296,-0.013264,-0.011166,-0.038893,0.000000,0.120000,0.000000,0.402187,-0.003889,-0.004756,-0.004619,-0.005630,-0.005909,0.000373,0.014958,0
1790543152.9659,-0.037740,-0.061161,-0.006226,-0.021830,-0.037740,0.000000,0.120000,0.000000,0.434624,-0.003774,-0.004771,0.002318,-0.006116,-0.005932,-0.009782,0.014921,0
1790543152.9806,-0.041705,-0.068393,-0.017049,-0.027554,-0.041705,0.000000,0.120000,0.000000,0.466584,-0.004171,-0.004786,-0.008092,-0.006839,-0.005957,-0.014758,0.014702,0
1790543152.9961,-0.050389,-0.076989,-0.027108,-0.030775,-0.050389,0.000000,0.120000,0.000000,0.499388,-0.005039,-0.004805,-0.017264,-0.007699,-0.005986,-0.017090,0.015090,0
1790543153.0112,-0.061475,-0.085989,-0.032490,-0.032084,-0.061475,0.000000,0.120000,0.000000,0.532993,-0.006147,-0.004829,-0.021514,-0.008599,-0.006019,-0.017466,0.015458,0
1790543153.0260,-0.072097,-0.094079,-0.033815,-0.032026,-0.072097,0.000000,0.120000,0.000000,0.564845,-0.007210,-0.004855,-0.021750,-0.009408,-0.006054,-0.016564,0.014652,0
1790543153.0403,-0.080334,-0.101031,-0.029867,-0.030499,-0.080334,0.000000,0.120000,0.000000,0.596537,-0.008033,-0.004884,-0.016949,-0.010103,-0.006090,-0.014305,0.014579,0
1790543153.0548,-0.082937,-0.106735,-0.018636,-0.028699,-0.082937,0.000000,0.120000,0.000000,0.627811,-0.008294,-0.004914,-0.005428,-0.010674,-0.006129,-0.011896,0.014386,0
1790543153.0700,-0.082498,-0.110184,-0.012316,-0.024088,-0.082498,0.000000,0.120000,0.000000,0.660408,-0.008250,-0.004945,0.000879,-0.011018,-0.006170,-0.006900,0.014995,0
1790543153.0847,-0.080825,-0.112128,-0.009676,-0.021355,-0.080825,0.000000,0.120000,0.000000,0.692668,-0.008083,-0.004975,0.003381,-0.011213,-0.006212,-0.003930,0.014839,0
1790543153.0995,-0.077051,-0.111883,-0.005017,-0.016942,-0.077051,0.000000,0.120000,0.000000,0.724667,-0.007705,-0.005003,0.007692,-0.011188,-0.006253,0.000499,0.014720,0
1790543153.1145,-0.074286,-0.109219,-0.006967,-0.011924,-0.074286,0.000000,0.120000,0.000000,0.757501,-0.007429,-0.005031,0.005493,-0.010922,-0.006294,0.005292,0.015103,0
1790543153.1294,-0.070619,-0.103144,-0.004729,-0.004401,-0.070619,0.000000,0.120000,0.000000,0.789852,-0.007062,-0.005058,0.007391,-0.010314,-0.006333,0.012246,0.014882,0
1790543153.1437,-0.064343,-0.093573,0.001567,0.004226,-0.064343,0.000000,0.120000,0.000000,0.821141,-0.006434,-0.005081,0.013082,-0.009357,-0.006366,0.019949,0.014393,0
1790543153.1589,-0.056515,-0.080218,0.004822,0.012156,-0.056515,0.000000,0.120000,0.000000,0.853916,-0.005652,-0.005102,0.015576,-0.008022,-0.006396,0.026574,0.015077,0
1790543153.1735,-0.050291,-0.067484,0.002531,0.012776,-0.050291,0.000000,0.120000,0.000000,0.885926,-0.005029,-0.005121,0.012681,-0.006748,-0.006421,0.025946,0.014724,0
1790543153.1881,-0.050456,-0.062502,-0.010524,-0.002447,-0.050456,0.000000,0.120000,0.000000,0.917629,-0.005046,-0.005139,-0.000339,-0.006250,-0.006444,0.010247,0.014583,0
1790543153.2025,-0.047050,-0.060523,-0.002745,-0.008384,-0.047050,0.000000,0.120000,0.000000,0.948842,-0.004705,-0.005156,0.007116,-0.006052,-0.006466,0.004134,0.014358,0
1790543153.2174,-0.047947,-0.061906,-0.011805,-0.015511,-0.047947,0.000000,0.120000,0.000000,0.980674,-0.004795,-0.005174,-0.001837,-0.006191,-0.006488,-0.002832,0.014642,0
1790543153.2323,-0.046753,-0.066494,-0.007490,-0.022298,-0.046753,0.000000,0.120000,0.000000,0.013427,-0.004675,-0.005191,0.002376,-0.006649,-0.006513,-0.009135,0.015066,0
1790543153.2470,-0.043427,-0.074330,-0.002776,-0.029929,-0.043427,0.000000,0.120000,0.000000,0.045458,-0.004343,-0.005207,0.006774,-0.007433,-0.006541,-0.015956,0.014735,0
1790543153.2612,-0.036643,-0.083609,0.005324,-0.034364,-0.036643,0.000000,0.120000,0.000000,0.076598,-0.003664,-0.005220,0.014208,-0.008361,-0.006571,-0.019433,0.014324,0
1790543153.2760,-0.028449,-0.092899,0.008692,-0.034907,-0.028449,0.000000,0.120000,0.000000,0.108468,-0.002845,-0.005231,0.016767,-0.009290,-0.006605,-0.019012,0.014660,0
1790543153.2912,-0.018033,-0.101792,0.013584,-0.034431,-0.018033,0.000000,0.120000,0.000000,0.141404,-0.001803,-0.005237,0.020625,-0.010179,-0.006643,-0.017609,0.015151,0
1790543153.3060,-0.020621,-0.105818,-0.012515,-0.025364,-0.020621,0.000000,0.120000,0.000000,0.173819,-0.002062,-0.005245,-0.005208,-0.010582,-0.006683,-0.008100,0.014911,0
1790543153.3212,-0.021892,-0.102627,-0.009944,-0.010704,-0.021892,0.000000,0.120000,0.000000,0.206949,-0.002189,-0.005254,-0.002501,-0.010263,-0.006722,0.006281,0.015240,0
1790543153.3362,-0.022047,-0.095334,-0.007780,-0.001548,-0.022047,0.000000,0.120000,0.000000,0.239212,-0.002205,-0.005262,-0.000314,-0.009533,-0.006757,0.014743,0.014841,0
1790543153.3536,-0.029772,-0.081636,-0.021835,0.009130,-0.029772,0.000000,0.120000,0.000000,0.276301,-0.002977,-0.005274,-0.013583,-0.008164,-0.006792,0.024086,0.017061,0
1790543153.3690,-0.039070,-0.066278,-0.027066,0.016070,-0.039070,0.000000,0.120000,0.000000,0.310237,-0.003907,-0.005290,-0.017869,-0.006628,-0.006818,0.029516,0.015610,0
1790543153.3851,-0.042927,-0.059769,-0.016837,-0.000606,-0.042927,0.000000,0.120000,0.000000,0.344992,-0.004293,-0.005307,-0.007237,-0.005977,-0.006842,0.012213,0.015987,0
1790543153.4010,-0.046566,-0.054152,-0.017030,-0.001398,-0.046566,0.000000,0.120000,0.000000,0.378666,-0.004657,-0.005325,-0.007049,-0.005415,-0.006863,0.010880,0.015490,0
1790543153.4164,-0.048758,-0.050693,-0.014319,-0.005482,-0.048758,0.000000,0.120000,0.000000,0.413529,-0.004876,-0.005344,-0.004099,-0.005069,-0.006883,0.006470,0.016037,0
1790543153.4310,-0.047725,-0.051098,-0.008043,-0.012832,-0.047725,0.000000,0.120000,0.000000,0.445721,-0.004773,-0.005362,0.002092,-0.005110,-0.006902,-0.000820,0.014808,0
1790543153.4453,-0.050702,-0.054619,-0.016782,-0.019871,-0.050702,0.000000,0.120000,0.000000,0.476385,-0.005070,-0.005380,-0.006332,-0.005462,-0.006921,-0.007488,0.014106,0
1790543153.4599,-0.055755,-0.060224,-0.021276,-0.024393,-0.055755,0.000000,0.120000,0.000000,0.508379,-0.005576,-0.005400,-0.010300,-0.006022,-0.006944,-0.011427,0.014717,0
1790543153.4741,-0.063879,-0.066675,-0.028822,-0.027143,-0.063879,0.000000,0.120000,0.000000,0.539523,-0.006388,-0.005423,-0.017011,-0.006668,-0.006967,-0.013508,0.014327,0
1790543153.4882,-0.072445,-0.072088,-0.031014,-0.025778,-0.072445,0.000000,0.120000,0.000000,0.570017,-0.007244,-0.005449,-0.018320,-0.007209,-0.006993,-0.011576,0.014027,0
1790543153.5032,-0.078519,-0.076507,-0.025591,-0.023591,-0.078519,0.000000,0.120000,0.000000,0.602325,-0.007852,-0.005478,-0.012261,-0.007651,-0.007021,-0.008919,0.014862,0
1790543153.5175,-0.082723,-0.079380,-0.022492,-0.020941,-0.082723,0.000000,0.120000,0.000000,0.633798,-0.008272,-0.005508,-0.008712,-0.007938,-0.007050,-0.005953,0.014477,0
1790543153.5323,-0.084680,-0.080974,-0.018030,-0.018456,-0.084680,0.000000,0.120000,0.000000,0.665516,-0.008468,-0.005539,-0.004024,-0.008097,-0.007079,-0.003279,0.014590,0
1790543153.5473,-0.083046,-0.080539,-0.010624,-0.014298,-0.083046,0.000000,0.120000,0.000000,0.698309,-0.008305,-0.005570,0.003250,-0.008054,-0.007110,0.000866,0.015085,0
1790543153.5622,-0.076768,-0.077120,-0.000671,-0.007986,-0.076768,0.000000,0.120000,0.000000,0.730792,-0.007677,-0.005599,0.012605,-0.007712,-0.007139,0.006865,0.014942,0
1790543153.5775,-0.068378,-0.070443,0.004067,-0.001055,-0.068378,0.000000,0.120000,0.000000,0.763892,-0.006838,-0.005625,0.016530,-0.007044,-0.007165,0.013155,0.015226,0
1790543153.5921,-0.059633,-0.061021,0.006264,0.005968,-0.059633,0.000000,0.120000,0.000000,0.795799,-0.005963,-0.005647,0.017874,-0.006102,-0.007188,0.019258,0.014677,0
1790543153.6070,-0.051444,-0.052460,0.005777,0.004887,-0.051444,0.000000,0.120000,0.000000,0.827997,-0.005144,-0.005666,0.016587,-0.005246,-0.007207,0.017340,0.014811,0
1790543153.6220,-0.049832,-0.050316,-0.007447,-0.007976,-0.049832,0.000000,0.120000,0.000000,0.860652,-0.004983,-0.005684,0.003221,-0.005032,-0.007226,0.004281,0.015022,0
1790543153.6362,-0.044296,-0.050173,0.001398,-0.011962,-0.044296,0.000000,0.120000,0.000000,0.891971,-0.004430,-0.005700,0.011528,-0.005017,-0.007244,0.000299,0.014406,0
1790543153.6510,-0.042298,-0.051531,-0.005821,-0.015220,-0.042298,0.000000,0.120000,0.000000,0.923573,-0.004230,-0.005716,0.004124,-0.005153,-0.007263,-0.002804,0.014537,0
1790543153.6663,-0.042167,-0.054348,-0.009693,-0.018218,-0.042167,0.000000,0.120000,0.000000,0.956977,-0.004217,-0.005732,0.000256,-0.005435,-0.007284,-0.005500,0.015366,0
1790543153.6813,-0.038400,-0.060175,-0.002013,-0.025039,-0.038400,0.000000,0.120000,0.000000,0.989412,-0.003840,-0.005746,0.007573,-0.006017,-0.007306,-0.011716,0.014920,0
1790543153.6962,-0.031610,-0.070229,0.004629,-0.034418,-0.031610,0.000000,0.120000,0.000000,0.022097,-0.003161,-0.005758,0.013548,-0.007023,-0.007333,-0.020062,0.015035,0
1790543153.7108,-0.023842,-0.079087,0.007816,-0.033476,-0.023842,0.000000,0.120000,0.000000,0.053827,-0.002384,-0.005767,0.015967,-0.007909,-0.007361,-0.018206,0.014596,0
1790543153.7250,-0.016069,-0.087369,0.009068,-0.033654,-0.016069,0.000000,0.120000,0.000000,0.084646,-0.001607,-0.005773,0.016448,-0.008737,-0.007392,-0.017525,0.014177,0
1790543153.7399,-0.012937,-0.095028,-0.000690,-0.032533,-0.012937,0.000000,0.120000,0.000000,0.116662,-0.001294,-0.005777,0.006381,-0.009503,-0.007427,-0.015603,0.014727,0
1790543153.7550,-0.014629,-0.098191,-0.010590,-0.023533,-0.014629,0.000000,0.120000,0.000000,0.149670,-0.001463,-0.005783,-0.003344,-0.009819,-0.007465,-0.006249,0.015184,0
1790543153.7698,-0.018194,-0.097520,-0.014777,-0.015904,-0.018194,0.000000,0.120000,0.000000,0.182102,-0.001819,-0.005790,-0.007168,-0.009752,-0.007501,0.001349,0.014919,0
1790543153.7850,-0.020187,-0.094374,-0.011792,-0.010699,-0.020187,0.000000,0.120000,0.000000,0.214803,-0.002019,-0.005797,-0.003976,-0.009437,-0.007537,0.006275,0.015043,0
1790543153.8000,-0.024730,-0.086606,-0.017378,-0.000672,-0.024730,0.000000,0.120000,0.000000,0.247364,-0.002473,-0.005806,-0.009099,-0.008661,-0.007569,0.015558,0.014978,0
1790543153.8147,-0.030950,-0.075906,-0.021429,0.006342,-0.030950,0.000000,0.120000,0.000000,0.279776,-0.003095,-0.005818,-0.012516,-0.007591,-0.007597,0.021530,0.014909,0
1790543153.8294,-0.039463,-0.062298,-0.027082,0.013809,-0.039463,0.000000,0.120000,0.000000,0.311863,-0.003946,-0.005833,-0.017303,-0.006230,-0.007620,0.027659,0.014760,0
1790543153.8438,-0.041623,-0.054866,-0.014522,0.002397,-0.041623,0.000000,0.120000,0.000000,0.343083,-0.004162,-0.005848,-0.004513,-0.005487,-0.007640,0.015524,0.014361,0
1790543153.8587,-0.046862,-0.054597,-0.021199,-0.012573,-0.046862,0.000000,0.120000,0.000000,0.375168,-0.004686,-0.005865,-0.010648,-0.005460,-0.007660,0.000547,0.014759,0
1790543153.8736,-0.049362,-0.053534,-0.015892,-0.010876,-0.049362,0.000000,0.120000,0.000000,0.407316,-0.004936,-0.005883,-0.005073,-0.005353,-0.007680,0.002157,0.014788,0
1790543153.8887,-0.047693,-0.054613,-0.007408,-0.015271,-0.047693,0.000000,0.120000,0.000000,0.440692,-0.004769,-0.005901,0.003262,-0.005461,-0.007701,-0.002109,0.015353,0
1790543153.9034,-0.051404,-0.058417,-0.018598,-0.021291,-0.051404,0.000000,0.120000,0.000000,0.472801,-0.005140,-0.005920,-0.007537,-0.005842,-0.007722,-0.007726,0.014770,0
1790543153.9192,-0.057191,-0.064628,-0.022944,-0.026317,-0.057191,0.000000,0.120000,0.000000,0.506256,-0.005719,-0.005942,-0.011282,-0.006463,-0.007747,-0.012107,0.015389,0
1790543153.9337,-0.067007,-0.070842,-0.032763,-0.027580,-0.067007,0.000000,0.120000,0.000000,0.538112,-0.006701,-0.005967,-0.020096,-0.007084,-0.007773,-0.012722,0.014653,0
1790543153.9483,-0.076486,-0.076097,-0.032848,-0.026059,-0.076486,0.000000,0.120000,0.000000,0.570303,-0.007649,-0.005995,-0.019204,-0.007610,-0.007801,-0.010647,0.014808,0
1790543153.9633,-0.085114,-0.081439,-0.031950,-0.026754,-0.085114,0.000000,0.120000,0.000000,0.602620,-0.008511,-0.006027,-0.017412,-0.008144,-0.007832,-0.010779,0.014866,0
1790543153.9788,-0.092836,-0.085787,-0.030341,-0.024888,-0.092836,0.000000,0.120000,0.000000,0.636206,-0.009284,-0.006063,-0.014995,-0.008579,-0.007865,-0.008444,0.015449,0
1790543153.9935,-0.092927,-0.089591,-0.015574,-0.024596,-0.092927,0.000000,0.120000,0.000000,0.668256,-0.009293,-0.006097,-0.000184,-0.008959,-0.007898,-0.007739,0.014743,0
1790543154.0086,-0.089556,-0.090052,-0.008364,-0.017856,-0.089556,0.000000,0.120000,0.000000,0.700960,-0.008956,-0.006131,0.006722,-0.009005,-0.007932,-0.000919,0.015043,0
1790543154.0235,-0.085513,-0.087514,-0.006568,-0.011602,-0.085513,0.000000,0.120000,0.000000,0.733324,-0.008551,-0.006162,0.008146,-0.008751,-0.007964,0.005113,0.014887,0
1790543154.0386,-0.079318,-0.081904,-0.001925,-0.005140,-0.079318,0.000000,0.120000,0.000000,0.766447,-0.007932,-0.006193,0.012199,-0.008190,-0.007995,0.011046,0.015237,0
1790543154.0536,-0.072058,-0.072955,0.001101,0.002588,-0.072058,0.000000,0.120000,0.000000,0.799039,-0.007206,-0.006220,0.014526,-0.007296,-0.008023,0.017906,0.014993,0
1790543154.0682,-0.063396,-0.061942,0.005113,0.008261,-0.063396,0.000000,0.120000,0.000000,0.830962,-0.006340,-0.006243,0.017696,-0.006194,-0.008046,0.022501,0.014684,0
1790543154.0832,-0.055918,-0.050877,0.003228,0.009164,-0.055918,0.000000,0.120000,0.000000,0.863296,-0.005592,-0.006264,0.015083,-0.005088,-0.008064,0.022316,0.014874,0
1790543154.0974,-0.054128,-0.045339,-0.007963,-0.001067,-0.054128,0.000000,0.120000,0.000000,0.894578,-0.005413,-0.006283,0.003733,-0.004534,-0.008081,0.011547,0.014390,0
1790543154.1123,-0.049065,-0.043741,-0.000859,-0.009206,-0.049065,0.000000,0.120000,0.000000,0.926483,-0.004906,-0.006301,0.010349,-0.004374,-0.008097,0.003265,0.014676,0
1790543154.1272,-0.047632,-0.045546,-0.008227,-0.016265,-0.047632,0.000000,0.120000,0.000000,0.959199,-0.004763,-0.006319,0.002856,-0.004555,-0.008114,-0.003597,0.015049,0
1790543154.1425,-0.045731,-0.050671,-0.007116,-0.023426,-0.045731,0.000000,0.120000,0.000000,0.991888,-0.004573,-0.006336,0.003793,-0.005067,-0.008133,-0.010226,0.015037,0
1790543154.1574,-0.038127,-0.058137,0.004983,-0.028839,-0.038127,0.000000,0.120000,0.000000,0.024633,-0.003813,-0.006351,0.015146,-0.005814,-0.008155,-0.014870,0.015063,0
1790543154.1725,-0.030869,-0.067626,0.005051,-0.033900,-0.030869,0.000000,0.120000,0.000000,0.057276,-0.003087,-0.006362,0.014500,-0.006763,-0.008180,-0.018957,0.015016,0
1790543154.1870,-0.021857,-0.076052,0.009897,-0.033068,-0.021857,0.000000,0.120000,0.000000,0.089125,-0.002186,-0.006370,0.018453,-0.007605,-0.008208,-0.017255,0.014651,0
1790543154.2020,-0.012449,-0.084409,0.011368,-0.033547,-0.012449,0.000000,0.120000,0.000000,0.121437,-0.001245,-0.006375,0.018988,-0.008441,-0.008240,-0.016866,0.014863,0
1790543154.2165,-0.014710,-0.091347,-0.012522,-0.031743,-0.014710,0.000000,0.120000,0.000000,0.153000,-0.001471,-0.006380,-0.004671,-0.009135,-0.008273,-0.014336,0.014519,0
1790543154.2313,-0.020044,-0.091558,-0.019235,-0.017890,-0.020044,0.000000,0.120000,0.000000,0.185080,-0.002004,-0.006388,-0.010843,-0.009156,-0.008306,-0.000428,0.014757,0
1790543154.2460,-0.023366,-0.087800,-0.015489,-0.009477,-0.023366,0.000000,0.120000,0.000000,0.217151,-0.002337,-0.006396,-0.006756,-0.008780,-0.008339,0.007641,0.014753,0
1790543154.2612,-0.027069,-0.080697,-0.016424,-0.002415,-0.027069,0.000000,0.120000,0.000000,0.250183,-0.002707,-0.006407,-0.007311,-0.008070,-0.008370,0.014024,0.015195,0
1790543154.2760,-0.032694,-0.070400,-0.020981,0.005239,-0.032694,0.000000,0.120000,0.000000,0.282665,-0.003269,-0.006419,-0.011293,-0.007040,-0.008396,0.020675,0.014941,0
1790543154.2906,-0.040190,-0.058383,-0.025917,0.010534,-0.040190,0.000000,0.120000,0.000000,0.314280,-0.004019,-0.006433,-0.015464,-0.005838,-0.008417,0.024789,0.014543,0
1790543154.3052,-0.044430,-0.052617,-0.019605,-0.001851,-0.044430,0.000000,0.120000,0.000000,0.346017,-0.004443,-0.006450,-0.008713,-0.005262,-0.008436,0.011847,0.014599,0
1790543154.3197,-0.044674,-0.051428,-0.011437,-0.011140,-0.044674,0.000000,0.120000,0.000000,0.377586,-0.004467,-0.006466,-0.000504,-0.005143,-0.008455,0.002457,0.014522,0
1790543154.3348,-0.044675,-0.052053,-0.010951,-0.014961,-0.044675,0.000000,0.120000,0.000000,0.409422,-0.004467,-0.006482,-0.000001,-0.005205,-0.008474,-0.001282,0.014644,0
1790543154.3497,-0.044283,-0.055488,-0.010164,-0.020733,-0.044283,0.000000,0.120000,0.000000,0.442910,-0.004428,-0.006499,0.000764,-0.005549,-0.008495,-0.006689,0.015405,0
1790543154.3644,-0.049504,-0.061694,-0.022166,-0.027405,-0.049504,0.000000,0.120000,0.000000,0.474737,-0.004950,-0.006517,-0.010699,-0.006169,-0.008518,-0.012718,0.014640,0
1790543154.3792,-0.057548,-0.070047,-0.028877,-0.032768,-0.057548,0.000000,0.120000,0.000000,0.506370,-0.005755,-0.006538,-0.016584,-0.007005,-0.008543,-0.017220,0.014551,0
1790543154.3937,-0.069623,-0.078251,-0.038201,-0.033162,-0.069623,0.000000,0.120000,0.000000,0.538285,-0.006962,-0.006564,-0.024675,-0.007825,-0.008572,-0.016764,0.014681,0
1790543154.4083,-0.080010,-0.086274,-0.035995,-0.033759,-0.080010,0.000000,0.120000,0.000000,0.569941,-0.008001,-0.006593,-0.021401,-0.008627,-0.008604,-0.016528,0.014562,0
1790543154.4236,-0.089661,-0.093947,-0.034707,-0.033230,-0.089661,0.000000,0.120000,0.000000,0.602871,-0.008966,-0.006627,-0.019114,-0.009395,-0.008639,-0.015196,0.015148,0
1790543154.4387,-0.093300,-0.100084,-0.023134,-0.030733,-0.093300,0.000000,0.120000,0.000000,0.636095,-0.009330,-0.006663,-0.007142,-0.010008,-0.008677,-0.012047,0.015283,0
1790543154.4537,-0.093021,-0.103442,-0.015440,-0.025790,-0.093021,0.000000,0.120000,0.000000,0.668638,-0.009302,-0.006697,0.000559,-0.010344,-0.008716,-0.006730,0.014970,0
1790543154.4686,-0.092163,-0.104507,-0.014232,-0.021337,-0.092163,0.000000,0.120000,0.000000,0.701224,-0.009216,-0.006732,0.001716,-0.010451,-0.008755,-0.002131,0.014990,0
1790543154.4835,-0.089594,-0.103018,-0.010521,-0.016080,-0.089594,0.000000,0.120000,0.000000,0.733427,-0.008959,-0.006765,0.005204,-0.010302,-0.008793,0.003015,0.014813,0
1790543154.4987,-0.084726,-0.097786,-0.005677,-0.008298,-0.084726,0.000000,0.120000,0.000000,0.766517,-0.008473,-0.006797,0.009593,-0.009779,-0.008831,0.010311,0.015221,0
1790543154.5137,-0.077749,-0.088044,-0.000584,0.001905,-0.077749,0.000000,0.120000,0.000000,0.798980,-0.007775,-0.006826,0.014017,-0.008804,-0.008863,0.019572,0.014933,0
1790543154.5288,-0.069183,-0.074058,0.003228,0.011457,-0.069183,0.000000,0.120000,0.000000,0.831845,-0.006918,-0.006852,0.016999,-0.007406,-0.008891,0.027754,0.015118,0
1790543154.5435,-0.060526,-0.059497,0.004480,0.014412,-0.060526,0.000000,0.120000,0.000000,0.864281,-0.006053,-0.006875,0.017408,-0.005950,-0.008914,0.029276,0.014920,0
1790543154.5588,-0.060829,-0.053164,-0.013586,-0.001612,-0.060829,0.000000,0.120000,0.000000,0.896962,-0.006083,-0.006898,-0.000605,-0.005316,-0.008934,0.012638,0.015033,0
1790543154.5735,-0.056653,-0.052518,-0.004192,-0.012907,-0.056653,0.000000,0.120000,0.000000,0.929416,-0.005665,-0.006919,0.008392,-0.005252,-0.008953,0.001299,0.014929,0
1790543154.5887,-0.055370,-0.053384,-0.009918,-0.016039,-0.055370,0.000000,0.120000,0.000000,0.962109,-0.005537,-0.006940,0.002558,-0.005338,-0.008973,-0.001728,0.015038,0
1790543154.6036,-0.052239,-0.056409,-0.005849,-0.020755,-0.052239,0.000000,0.120000,0.000000,0.994347,-0.005224,-0.006959,0.006334,-0.005641,-0.008994,-0.006120,0.014830,0
1790543154.6186,-0.046386,-0.062730,-0.000038,-0.027794,-0.046386,0.000000,0.120000,0.000000,0.027318,-0.004639,-0.006977,0.011577,-0.006273,-0.009018,-0.012503,0.015167,0
1790543154.6332,-0.037623,-0.069788,0.007302,-0.030565,-0.037623,0.000000,0.120000,0.000000,0.058970,-0.003762,-0.006991,0.018055,-0.006979,-0.009043,-0.014543,0.014560,0
1790543154.6476,-0.029001,-0.076320,0.008248,-0.030451,-0.029001,0.000000,0.120000,0.000000,0.089955,-0.002900,-0.007001,0.018149,-0.007632,-0.009071,-0.013748,0.014253,0
1790543154.6622,-0.020342,-0.084126,0.008393,-0.033234,-0.020342,0.000000,0.120000,0.000000,0.122340,-0.002034,-0.007008,0.017436,-0.008413,-0.009102,-0.015719,0.014897,0
1790543154.6777,-0.017595,-0.092841,-0.003357,-0.035606,-0.017595,0.000000,0.120000,0.000000,0.155417,-0.001759,-0.007015,0.005418,-0.009284,-0.009137,-0.017185,0.015215,0
1790543154.6925,-0.020883,-0.093950,-0.015765,-0.020811,-0.020883,0.000000,0.120000,0.000000,0.187645,-0.002088,-0.007023,-0.006654,-0.009395,-0.009172,-0.002244,0.014825,0
1790543154.7075,-0.022439,-0.089608,-0.012412,-0.009416,-0.022439,0.000000,0.120000,0.000000,0.220013,-0.002244,-0.007031,-0.003137,-0.008961,-0.009205,0.008750,0.014889,0
1790543154.7222,-0.024079,-0.079514,-0.012725,0.002990,-0.024079,0.000000,0.120000,0.000000,0.252641,-0.002408,-0.007040,-0.003276,-0.007951,-0.009235,0.020176,0.015009,0
1790543154.7370,-0.029846,-0.066966,-0.021840,0.009729,-0.029846,0.000000,0.120000,0.000000,0.284501,-0.002985,-0.007051,-0.011805,-0.006697,-0.009260,0.025685,0.014656,0
1790543154.7520,-0.035545,-0.054847,-0.021933,0.009291,-0.035545,0.000000,0.120000,0.000000,0.317356,-0.003555,-0.007065,-0.011314,-0.005485,-0.009280,0.024056,0.015113,0
1790543154.7669,-0.036883,-0.051139,-0.013458,-0.006952,-0.036883,0.000000,0.120000,0.000000,0.349759,-0.003688,-0.007078,-0.002692,-0.005114,-0.009300,0.007462,0.014905,0
1790543154.7815,-0.039596,-0.048093,-0.016656,-0.007833,-0.039596,0.000000,0.120000,0.000000,0.381331,-0.003960,-0.007093,-0.005604,-0.004809,-0.009317,0.006293,0.014523,0
1790543154.7968,-0.041483,-0.048220,-0.015025,-0.014410,-0.041483,0.000000,0.120000,0.000000,0.413989,-0.004148,-0.007108,-0.003769,-0.004822,-0.009335,-0.000253,0.015023,0
1790543154.8116,-0.039191,-0.051591,-0.006449,-0.021270,-0.039191,0.000000,0.120000,0.000000,0.446536,-0.003919,-0.007123,0.004593,-0.005159,-0.009354,-0.006756,0.014971,0
1790543154.8262,-0.043371,-0.056944,-0.020060,-0.026060,-0.043371,0.000000,0.120000,0.000000,0.478298,-0.004337,-0.007139,-0.008584,-0.005694,-0.009375,-0.010991,0.014611,0
1790543154.8411,-0.049091,-0.064663,-0.023469,-0.031254,-0.049091,0.000000,0.120000,0.000000,0.511013,-0.004909,-0.007157,-0.011402,-0.006466,-0.009400,-0.015388,0.015049,0
1790543154.8563,-0.057517,-0.071878,-0.029684,-0.030959,-0.057517,0.000000,0.120000,0.000000,0.543813,-0.005752,-0.007179,-0.016753,-0.007188,-0.009427,-0.014345,0.015088,0
1790543154.8708,-0.064141,-0.077101,-0.027196,-0.027874,-0.064141,0.000000,0.120000,0.000000,0.575626,-0.006414,-0.007202,-0.013579,-0.007710,-0.009455,-0.010709,0.014634,0
1790543154.8861,-0.068325,-0.081035,-0.022412,-0.025440,-0.068325,0.000000,0.120000,0.000000,0.608299,-0.006832,-0.007228,-0.008352,-0.008103,-0.009485,-0.007851,0.015030,0
1790543154.9012,-0.072399,-0.084594,-0.022567,-0.025028,-0.072399,0.000000,0.120000,0.000000,0.641221,-0.007240,-0.007256,-0.008071,-0.008459,-0.009517,-0.007051,0.015144,0
1790543154.9162,-0.071254,-0.086381,-0.012142,-0.021723,-0.071254,0.000000,0.120000,0.000000,0.674190,-0.007125,-0.007283,0.002266,-0.008638,-0.009550,-0.003535,0.015166,0
1790543154.9313,-0.067865,-0.084937,-0.007356,-0.015206,-0.067865,0.000000,0.120000,0.000000,0.706986,-0.006787,-0.007308,0.006739,-0.008494,-0.009582,0.002870,0.015086,0
1790543154.9462,-0.062844,-0.079101,-0.003479,-0.005737,-0.062844,0.000000,0.120000,0.000000,0.739289,-0.006284,-0.007332,0.010137,-0.007910,-0.009612,0.011784,0.014859,0
1790543154.9610,-0.055655,-0.070847,0.001684,0.000041,-0.055655,0.000000,0.120000,0.000000,0.771400,-0.005565,-0.007352,0.014602,-0.007085,-0.009638,0.016763,0.014771,0
1790543154.9761,-0.043136,-0.060385,0.012917,0.004860,-0.043136,0.000000,0.120000,0.000000,0.804588,-0.004314,-0.007369,0.024599,-0.006038,-0.009661,0.020560,0.015267,0
1790543154.9904,-0.038067,-0.054535,-0.000475,-0.002770,-0.038067,0.000000,0.120000,0.000000,0.835446,-0.003807,-0.007382,0.010714,-0.005453,-0.009680,0.012364,0.014194,0
1790543155.0051,-0.036455,-0.053620,-0.007732,-0.013185,-0.036455,0.000000,0.120000,0.000000,0.867210,-0.003646,-0.007395,0.003309,-0.005362,-0.009700,0.001877,0.014611,0
1790543155.0198,-0.030998,-0.053543,0.000488,-0.014919,-0.030998,0.000000,0.120000,0.000000,0.899579,-0.003100,-0.007407,0.010995,-0.005354,-0.009720,0.000155,0.014890,0
1790543155.0345,-0.029978,-0.055644,-0.008319,-0.019618,-0.029978,0.000000,0.120000,0.000000,0.931329,-0.002998,-0.007418,0.002096,-0.005564,-0.009740,-0.004314,0.014605,0
1790543155.0494,-0.027718,-0.059995,-0.005684,-0.024459,-0.027718,0.000000,0.120000,0.000000,0.963963,-0.002772,-0.007428,0.004516,-0.006000,-0.009762,-0.008697,0.015012,0
1790543155.0638,-0.021868,-0.066822,0.002583,-0.030713,-0.021868,0.000000,0.120000,0.000000,0.995219,-0.002187,-0.007436,0.012206,-0.006682,-0.009786,-0.014244,0.014378,0
1790543155.0785,-0.016005,-0.075536,0.003013,-0.035284,-0.016005,0.000000,0.120000,0.000000,0.026939,-0.001600,-0.007442,0.012056,-0.007554,-0.009814,-0.017917,0.014591,0
1790543155.0928,-0.009059,-0.084254,0.006228,-0.036568,-0.009059,0.000000,0.120000,0.000000,0.058008,-0.000906,-0.007445,0.014579,-0.008425,-0.009844,-0.018299,0.014292,0
1790543155.1072,-0.002602,-0.091253,0.005611,-0.033436,-0.002602,0.000000,0.120000,0.000000,0.089634,-0.000260,-0.007446,0.013317,-0.009125,-0.009877,-0.014434,0.014548,0
1790543155.1225,0.000115,-0.098534,-0.002037,-0.034229,0.000115,0.000000,0.120000,0.000000,0.122468,0.000012,-0.007446,0.005397,-0.009853,-0.009915,-0.014462,0.015104,0
1790543155.1376,-0.000944,-0.101463,-0.009649,-0.025930,-0.000944,0.000000,0.120000,0.000000,0.155230,-0.000094,-0.007446,-0.002108,-0.010146,-0.009953,-0.005831,0.015071,0
1790543155.1522,-0.002080,-0.100595,-0.009951,-0.018294,-0.002080,0.000000,0.120000,0.000000,0.187498,-0.000208,-0.007447,-0.002296,-0.010059,-0.009990,0.001755,0.014843,0
1790543155.1670,-0.002842,-0.096180,-0.009304,-0.010549,-0.002842,0.000000,0.120000,0.000000,0.219159,-0.000284,-0.007448,-0.001571,-0.009618,-0.010025,0.009094,0.014564,0
1790543155.1821,-0.005156,-0.087182,-0.012536,-0.001004,-0.005156,0.000000,0.120000,0.000000,0.252177,-0.000516,-0.007450,-0.004570,-0.008718,-0.010058,0.017772,0.015189,0
1790543155.1969,-0.010775,-0.075232,-0.019898,0.006563,-0.010775,0.000000,0.120000,0.000000,0.284419,-0.001078,-0.007454,-0.011366,-0.007523,-0.010086,0.024172,0.014831,0
1790543155.2113,-0.017316,-0.062993,-0.022683,0.008836,-0.017316,0.000000,0.120000,0.000000,0.316039,-0.001732,-0.007460,-0.013491,-0.006299,-0.010109,0.025244,0.014545,0
1790543155.2263,-0.019324,-0.060558,-0.013473,-0.011247,-0.019324,0.000000,0.120000,0.000000,0.348181,-0.001932,-0.007468,-0.004073,-0.006056,-0.010131,0.004940,0.014785,0
1790543155.2412,-0.024874,-0.060046,-0.021112,-0.015130,-0.024874,0.000000,0.120000,0.000000,0.380653,-0.002487,-0.007477,-0.011148,-0.006005,-0.010154,0.001028,0.014937,0
1790543155.2560,-0.026969,-0.061471,-0.014420,-0.019205,-0.026969,0.000000,0.120000,0.000000,0.412908,-0.002697,-0.007487,-0.004236,-0.006147,-0.010177,-0.002881,0.014837,0
1790543155.2713,-0.026898,-0.065054,-0.010046,-0.023801,-0.026898,0.000000,0.120000,0.000000,0.445852,-0.002690,-0.007497,0.000141,-0.006505,-0.010201,-0.007094,0.015154,0
1790543155.2863,-0.032044,-0.069901,-0.020986,-0.026894,-0.032044,0.000000,0.120000,0.000000,0.478521,-0.003204,-0.007509,-0.010272,-0.006990,-0.010228,-0.009676,0.015028,0
1790543155.3010,-0.038979,-0.077172,-0.025480,-0.032711,-0.038979,0.000000,0.120000,0.000000,0.510696,-0.003898,-0.007524,-0.014058,-0.007717,-0.010256,-0.014737,0.014800,0
1790543155.3157,-0.049240,-0.084351,-0.033625,-0.033525,-0.049240,0.000000,0.120000,0.000000,0.542323,-0.004924,-0.007541,-0.021159,-0.008435,-0.010287,-0.014803,0.014549,0
1790543155.3298,-0.057981,-0.089723,-0.031641,-0.030527,-0.057981,0.000000,0.120000,0.000000,0.573508,-0.005798,-0.007562,-0.018280,-0.008972,-0.010319,-0.011236,0.014345,0
1790543155.3448,-0.063798,-0.094401,-0.025707,-0.029236,-0.063798,0.000000,0.120000,0.000000,0.605815,-0.006380,-0.007586,-0.011741,-0.009440,-0.010354,-0.009442,0.014862,0
1790543155.3597,-0.068943,-0.098107,-0.024780,-0.027603,-0.068943,0.000000,0.120000,0.000000,0.638474,-0.006894,-0.007612,-0.010274,-0.009811,-0.010391,-0.007402,0.015023,0
1790543155.3746,-0.068161,-0.101715,-0.012855,-0.027978,-0.068161,0.000000,0.120000,0.000000,0.670365,-0.006816,-0.007637,0.001598,-0.010172,-0.010428,-0.007378,0.014670,0
1790543155.3900,-0.066554,-0.101750,-0.011234,-0.020710,-0.066554,0.000000,0.120000,0.000000,0.704352,-0.006655,-0.007663,0.003084,-0.010175,-0.010468,-0.000067,0.015634,0
1790543155.4048,-0.063841,-0.099008,-0.008568,-0.014844,-0.063841,0.000000,0.120000,0.000000,0.736508,-0.006384,-0.007686,0.005503,-0.009901,-0.010505,0.005562,0.014791,0
1790543155.4200,-0.058602,-0.092438,-0.003193,-0.006769,-0.058602,0.000000,0.120000,0.000000,0.769434,-0.005860,-0.007709,0.010376,-0.009244,-0.010540,0.013014,0.015146,0
1790543155.4369,-0.051007,-0.082195,0.001621,0.000695,-0.051007,0.000000,0.120000,0.000000,0.803712,-0.005101,-0.007729,0.014450,-0.008220,-0.010572,0.019487,0.015768,0
1790543155.4531,-0.040740,-0.069435,0.006333,0.005014,-0.040740,0.000000,0.120000,0.000000,0.840601,-0.004074,-0.007746,0.018153,-0.006944,-0.010601,0.022559,0.016969,0
1790543155.4688,-0.039370,-0.064047,-0.009094,-0.006782,-0.039370,0.000000,0.120000,0.000000,0.874889,-0.003937,-0.007762,0.002605,-0.006405,-0.010627,0.010250,0.015772,0
1790543155.4839,-0.037404,-0.063496,-0.007632,-0.015912,-0.037404,0.000000,0.120000,0.000000,0.907910,-0.003740,-0.007776,0.003884,-0.006350,-0.010651,0.001088,0.015190,0
1790543155.5001,-0.035277,-0.065887,-0.007376,-0.021700,-0.035277,0.000000,0.120000,0.000000,0.943097,-0.003528,-0.007790,0.003942,-0.006589,-0.010677,-0.004433,0.016186,0
1790543155.5145,-0.035711,-0.070539,-0.012267,-0.027310,-0.035711,0.000000,0.120000,0.000000,0.974850,-0.003571,-0.007803,-0.000893,-0.007054,-0.010703,-0.009553,0.014606,0
1790543155.5284,-0.032976,-0.077792,-0.005269,-0.034000,-0.032976,0.000000,0.120000,0.000000,0.005385,-0.003298,-0.007815,0.005843,-0.007779,-0.010730,-0.015491,0.014046,0
1790543155.5426,-0.027543,-0.086269,0.001002,-0.037459,-0.027543,0.000000,0.120000,0.000000,0.035978,-0.002754,-0.007824,0.011581,-0.008627,-0.010761,-0.018072,0.014073,0
1790543155.5569,-0.021815,-0.093385,0.001897,-0.034929,-0.021815,0.000000,0.120000,0.000000,0.067342,-0.002182,-0.007832,0.011911,-0.009338,-0.010795,-0.014796,0.014428,0
1790543155.5714,-0.016149,-0.098936,0.002325,-0.032264,-0.016149,0.000000,0.120000,0.000000,0.098713,-0.001615,-0.007838,0.011778,-0.009894,-0.010830,-0.011540,0.014430,0
1790543155.5863,-0.010302,-0.105186,0.002985,-0.034061,-0.010302,0.000000,0.120000,0.000000,0.130874,-0.001030,-0.007842,0.011858,-0.010519,-0.010869,-0.012673,0.014794,0
1790543155.6009,-0.011940,-0.109019,-0.012384,-0.029638,-0.011940,0.000000,0.120000,0.000000,0.162813,-0.001194,-0.007846,-0.003344,-0.010902,-0.010909,-0.007827,0.014692,0
1790543155.6160,-0.015585,-0.106186,-0.016865,-0.015774,-0.015585,0.000000,0.120000,0.000000,0.194705,-0.001558,-0.007852,-0.007454,-0.010619,-0.010948,0.005792,0.014670,0
1790543155.6308,-0.018599,-0.098582,-0.015696,-0.005762,-0.018599,0.000000,0.120000,0.000000,0.227589,-0.001860,-0.007859,-0.005977,-0.009858,-0.010985,0.015081,0.015127,0
1790543155.6453,-0.021379,-0.088276,-0.015761,0.001490,-0.021379,0.000000,0.120000,0.000000,0.259092,-0.002138,-0.007867,-0.005756,-0.008828,-0.011017,0.021335,0.014491,0
1790543155.6601,-0.026658,-0.076532,-0.021338,0.005318,-0.026658,0.000000,0.120000,0.000000,0.290983,-0.002666,-0.007877,-0.010795,-0.007653,-0.011045,0.024016,0.014670,0
1790543155.6747,-0.029923,-0.069514,-0.017450,-0.003901,-0.029923,0.000000,0.120000,0.000000,0.323393,-0.002992,-0.007888,-0.006570,-0.006951,-0.011071,0.014121,0.014908,0
1790543155.6895,-0.032226,-0.066748,-0.015824,-0.012122,-0.032226,0.000000,0.120000,0.000000,0.355335,-0.003223,-0.007900,-0.004702,-0.006675,-0.011096,0.005648,0.014693,0
1790543155.7050,-0.033880,-0.065019,-0.014507,-0.014272,-0.033880,0.000000,0.120000,0.000000,0.388979,-0.003388,-0.007913,-0.003206,-0.006502,-0.011121,0.003351,0.015476,0
1790543155.7197,-0.029819,-0.065363,-0.002687,-0.018376,-0.029819,0.000000,0.120000,0.000000,0.421209,-0.002982,-0.007924,0.008218,-0.006536,-0.011145,-0.000695,0.014826,0
1790543155.7344,-0.028894,-0.067609,-0.008939,-0.022509,-0.028894,0.000000,0.120000,0.000000,0.453214,-0.002889,-0.007934,0.001885,-0.006761,-0.011170,-0.004578,0.014723,0
1790543155.7489,-0.033356,-0.072862,-0.020575,-0.029424,-0.033356,0.000000,0.120000,0.000000,0.484526,-0.003336,-0.007946,-0.009293,-0.007286,-0.011196,-0.010942,0.014404,0
1790543155.7634,-0.040474,-0.079011,-0.026630,-0.031755,-0.040474,0.000000,0.120000,0.000000,0.516277,-0.004047,-0.007961,-0.014622,-0.007901,-0.011225,-0.012629,0.014605,0
1790543155.7778,-0.050344,-0.083359,-0.033914,-0.028798,-0.050344,0.000000,0.120000,0.000000,0.547073,-0.005034,-0.007979,-0.020901,-0.008336,-0.011255,-0.009207,0.014166,0
1790543155.7923,-0.057958,-0.087313,-0.029499,-0.028174,-0.057958,0.000000,0.120000,0.000000,0.578695,-0.005796,-0.008000,-0.015703,-0.008731,-0.011286,-0.008156,0.014546,0
1790543155.8072,-0.064566,-0.090550,-0.027656,-0.026830,-0.064566,0.000000,0.120000,0.000000,0.611406,-0.006457,-0.008024,-0.013175,-0.009055,-0.011321,-0.006454,0.015047,0
1790543155.8221,-0.069385,-0.093878,-0.024775,-0.027500,-0.069385,0.000000,0.120000,0.000000,0.643520,-0.006938,-0.008050,-0.009787,-0.009388,-0.011355,-0.006757,0.014773,0
1790543155.8369,-0.070828,-0.096075,-0.018077,-0.025442,-0.070828,0.000000,0.120000,0.000000,0.675776,-0.007083,-0.008076,-0.002918,-0.009608,-0.011391,-0.004444,0.014838,0
1790543155.8520,-0.067977,-0.094919,-0.009145,-0.018585,-0.067977,0.000000,0.120000,0.000000,0.708091,-0.006798,-0.008101,0.005754,-0.009492,-0.011426,0.002333,0.014865,0
1790543155.8669,-0.064520,-0.090021,-0.007716,-0.010738,-0.064520,0.000000,0.120000,0.000000,0.740943,-0.006452,-0.008126,0.006862,-0.009002,-0.011460,0.009724,0.015112,0
1790543155.8812,-0.059229,-0.081441,-0.003077,-0.001809,-0.059229,0.000000,0.120000,0.000000,0.772335,-0.005923,-0.008147,0.010993,-0.008144,-0.011490,0.017824,0.014440,0
1790543155.8960,-0.049664,-0.069900,0.006517,0.005205,-0.049664,0.000000,0.120000,0.000000,0.804081,-0.004966,-0.008165,0.019649,-0.006990,-0.011515,0.023710,0.014603,0
1790543155.9107,-0.042805,-0.060390,0.001455,0.001718,-0.042805,0.000000,0.120000,0.000000,0.836225,-0.004281,-0.008181,0.013917,-0.006039,-0.011537,0.019295,0.014786,0
1790543155.9258,-0.043326,-0.057880,-0.013573,-0.012325,-0.043326,0.000000,0.120000,0.000000,0.868819,-0.004333,-0.008197,-0.001042,-0.005788,-0.011559,0.005022,0.014993,0
1790543155.9413,-0.039187,-0.057573,-0.004019,-0.016737,-0.039187,0.000000,0.120000,0.000000,0.902093,-0.003919,-0.008212,0.008112,-0.005757,-0.011581,0.000601,0.015306,0
1790543155.9564,-0.040627,-0.059069,-0.015135,-0.020466,-0.040627,0.000000,0.120000,0.000000,0.935096,-0.004063,-0.008228,-0.002845,-0.005907,-0.011604,-0.002955,0.015182,0
1790543155.9712,-0.040813,-0.062201,-0.012698,-0.024130,-0.040813,0.000000,0.120000,0.000000,0.967612,-0.004081,-0.008243,-0.000374,-0.006220,-0.011627,-0.006283,0.014957,0
1790543155.9861,-0.038152,-0.068352,-0.006668,-0.030980,-0.038152,0.000000,0.120000,0.000000,0.999722,-0.003815,-0.008257,0.005405,-0.006835,-0.011652,-0.012493,0.014771,0
1790543156.0010,-0.033166,-0.075187,-0.001628,-0.032848,-0.033166,0.000000,0.120000,0.000000,0.032377,-0.003317,-0.008270,0.009958,-0.007519,-0.011680,-0.013649,0.015021,0
1790543156.0153,-0.027603,-0.080785,0.000676,-0.031579,-0.027603,0.000000,0.120000,0.000000,0.063343,-0.002760,-0.008279,0.011716,-0.008079,-0.011709,-0.011791,0.014244,0
1790543156.0300,-0.023050,-0.084849,-0.001262,-0.028552,-0.023050,0.000000,0.120000,0.000000,0.095166,-0.002305,-0.008288,0.009331,-0.008485,-0.011740,-0.008327,0.014638,0
1790543156.0448,-0.018321,-0.088464,-0.000682,-0.027841,-0.018321,0.000000,0.120000,0.000000,0.127819,-0.001832,-0.008295,0.009445,-0.008846,-0.011773,-0.007221,0.015021,0
1790543156.0597,-0.019585,-0.091976,-0.012807,-0.028078,-0.019585,0.000000,0.120000,0.000000,0.160197,-0.001959,-0.008302,-0.002546,-0.009198,-0.011808,-0.007073,0.014894,0
1790543156.0744,-0.022044,-0.090867,-0.015550,-0.018657,-0.022044,0.000000,0.120000,0.000000,0.192046,-0.002204,-0.008310,-0.005035,-0.009087,-0.011841,0.002270,0.014651,0
1790543156.0894,-0.025702,-0.085356,-0.018269,-0.009290,-0.025702,0.000000,0.120000,0.000000,0.224375,-0.002570,-0.008320,-0.007379,-0.008536,-0.011873,0.011118,0.014871,0
1790543156.1044,-0.028451,-0.077712,-0.016600,-0.004590,-0.028451,0.000000,0.120000,0.000000,0.257425,-0.002845,-0.008331,-0.005424,-0.007771,-0.011902,0.015083,0.015203,0
1790543156.1198,-0.035242,-0.067400,-0.025227,0.001617,-0.035242,0.000000,0.120000,0.000000,0.290580,-0.003524,-0.008344,-0.013359,-0.006740,-0.011928,0.020285,0.015251,0
1790543156.1350,-0.040670,-0.058595,-0.023115,-0.000469,-0.040670,0.000000,0.120000,0.000000,0.323694,-0.004067,-0.008359,-0.010689,-0.005860,-0.011950,0.017340,0.015233,0
1790543156.1499,-0.041593,-0.055254,-0.014400,-0.010747,-0.041593,0.000000,0.120000,0.000000,0.355987,-0.004159,-0.008375,-0.001865,-0.005525,-0.011971,0.006749,0.014855,0
1790543156.1647,-0.044891,-0.053549,-0.019473,-0.013938,-0.044891,0.000000,0.120000,0.000000,0.388607,-0.004489,-0.008392,-0.006592,-0.005355,-0.011991,0.003408,0.015005,0
1790543156.1800,-0.043815,-0.055960,-0.010649,-0.022406,-0.043815,0.000000,0.120000,0.000000,0.421378,-0.004382,-0.008408,0.002140,-0.005596,-0.012012,-0.004798,0.015074,0
1790543156.1962,-0.044704,-0.061215,-0.014596,-0.028206,-0.044704,0.000000,0.120000,0.000000,0.455483,-0.004470,-0.008426,-0.001700,-0.006122,-0.012036,-0.010049,0.015689,0
1790543156.2111,-0.051285,-0.068919,-0.026337,-0.033896,-0.051285,0.000000,0.120000,0.000000,0.489111,-0.005128,-0.008446,-0.012763,-0.006892,-0.012062,-0.014941,0.015469,0
1790543156.2257,-0.060470,-0.077754,-0.033268,-0.037904,-0.060470,0.000000,0.120000,0.000000,0.521053,-0.006047,-0.008468,-0.018753,-0.007775,-0.012091,-0.018038,0.014693,0
1790543156.2400,-0.070722,-0.085739,-0.037020,-0.037407,-0.070722,0.000000,0.120000,0.000000,0.552217,-0.007072,-0.008493,-0.021454,-0.008574,-0.012122,-0.016711,0.014335,0
1790543156.2549,-0.078132,-0.092561,-0.031371,-0.035255,-0.078132,0.000000,0.120000,0.000000,0.584356,-0.007813,-0.008522,-0.015036,-0.009256,-0.012156,-0.013843,0.014784,0
1790543156.2700,-0.082844,-0.099738,-0.026222,-0.036459,-0.082844,0.000000,0.120000,0.000000,0.617108,-0.008284,-0.008553,-0.009384,-0.009974,-0.012194,-0.014292,0.015066,0
1790543156.2848,-0.084506,-0.104994,-0.020407,-0.033397,-0.084506,0.000000,0.120000,0.000000,0.649247,-0.008451,-0.008584,-0.003372,-0.010499,-0.012232,-0.010665,0.014784,0
1790543156.3000,-0.084603,-0.107451,-0.017269,-0.027875,-0.084603,0.000000,0.120000,0.000000,0.682248,-0.008460,-0.008617,-0.000192,-0.010745,-0.012273,-0.004857,0.015181,0
1790543156.3149,-0.083316,-0.107252,-0.014372,-0.022634,-0.083316,0.000000,0.120000,0.000000,0.714447,-0.008332,-0.008647,0.002607,-0.010725,-0.012313,0.000404,0.014812,0
1790543156.3299,-0.079813,-0.103014,-0.009637,-0.014159,-0.079813,0.000000,0.120000,0.000000,0.746983,-0.007981,-0.008677,0.007022,-0.010301,-0.012351,0.008494,0.014966,0
1790543156.3448,-0.074957,-0.093799,-0.006502,-0.003360,-0.074957,0.000000,0.120000,0.000000,0.779635,-0.007496,-0.008705,0.009699,-0.009380,-0.012387,0.018406,0.015020,0
1790543156.3599,-0.067581,-0.081097,-0.000611,0.005093,-0.067581,0.000000,0.120000,0.000000,0.811969,-0.006758,-0.008731,0.014877,-0.008110,-0.012417,0.025619,0.014874,0
1790543156.3748,-0.058103,-0.066653,0.004121,0.009365,-0.058103,0.000000,0.120000,0.000000,0.845054,-0.005810,-0.008753,0.018684,-0.006665,-0.012442,0.028472,0.015219,0
1790543156.3899,-0.058611,-0.059951,-0.015662,-0.004922,-0.058611,0.000000,0.120000,0.000000,0.877342,-0.005861,-0.008774,-0.001026,-0.005995,-0.012464,0.013538,0.014853,0
1790543156.4048,-0.056513,-0.058134,-0.010262,-0.014675,-0.056513,0.000000,0.120000,0.000000,0.910037,-0.005651,-0.008796,0.004185,-0.005813,-0.012486,0.003624,0.015040,0
1790543156.4200,-0.055459,-0.059498,-0.012291,-0.021141,-0.055459,0.000000,0.120000,0.000000,0.943206,-0.005546,-0.008817,0.002071,-0.005950,-0.012509,-0.002682,0.015258,0
1790543156.4349,-0.055372,-0.062289,-0.014201,-0.024362,-0.055372,0.000000,0.120000,0.000000,0.975697,-0.005537,-0.008838,0.000174,-0.006229,-0.012532,-0.005601,0.014946,0
1790543156.4502,-0.051328,-0.068161,-0.006036,-0.030924,-0.051328,0.000000,0.120000,0.000000,0.008856,-0.005133,-0.008857,0.007954,-0.006816,-0.012558,-0.011550,0.015253,0
1790543156.4647,-0.044787,-0.076087,0.000071,-0.036459,-0.044787,0.000000,0.120000,0.000000,0.040636,-0.004479,-0.008873,0.013423,-0.007609,-0.012586,-0.016265,0.014619,0
1790543156.4788,-0.038755,-0.082474,0.000010,-0.034385,-0.038755,0.000000,0.120000,0.000000,0.071440,-0.003875,-0.008887,0.012772,-0.008247,-0.012615,-0.013523,0.014170,0
1790543156.4937,-0.031471,-0.087879,0.002877,-0.032510,-0.031471,0.000000,0.120000,0.000000,0.103270,-0.003147,-0.008899,0.014923,-0.008788,-0.012647,-0.011075,0.014642,0
1790543156.5086,-0.024143,-0.093809,0.003371,-0.033952,-0.024143,0.000000,0.120000,0.000000,0.135797,-0.002414,-0.008908,0.014693,-0.009381,-0.012682,-0.011889,0.014962,0
1790543156.5240,-0.027485,-0.096214,-0.018255,-0.027082,-0.027485,0.000000,0.120000,0.000000,0.168880,-0.002749,-0.008918,-0.006589,-0.009621,-0.012719,-0.004742,0.015218,0
1790543156.5387,-0.031910,-0.091609,-0.021042,-0.012629,-0.031910,0.000000,0.120000,0.000000,0.201224,-0.003191,-0.008930,-0.008921,-0.009161,-0.012753,0.009285,0.014878,0
1790543156.5534,-0.035979,-0.083538,-0.020712,-0.004931,-0.035979,0.000000,0.120000,0.000000,0.233705,-0.003598,-0.008944,-0.008170,-0.008354,-0.012784,0.016207,0.014941,0
1790543156.5681,-0.040286,-0.072617,-0.021890,0.002504,-0.040286,0.000000,0.120000,0.000000,0.265251,-0.004029,-0.008958,-0.008903,-0.007262,-0.012811,0.022577,0.014511,0
1790543156.5828,-0.046384,-0.059809,-0.026078,0.007364,-0.046384,0.000000,0.120000,0.000000,0.297161,-0.004638,-0.008975,-0.012465,-0.005981,-0.012833,0.026178,0.014678,0
1790543156.5974,-0.044750,-0.053575,-0.010128,-0.005477,-0.044750,0.000000,0.119745,0.000000,0.329092,-0.004475,-0.008992,0.003339,-0.005357,-0.012852,0.012733,0.014688,0
1790543156.6123,-0.045811,-0.049845,-0.015733,-0.010323,-0.045811,0.000000,0.118969,0.000000,0.361382,-0.004581,-0.009009,-0.002143,-0.004985,-0.012871,0.007532,0.014853,0
1790543156.6272,-0.047021,-0.047919,-0.016158,-0.013814,-0.047021,0.000000,0.117671,0.000000,0.393879,-0.004702,-0.009026,-0.002430,-0.004792,-0.012889,0.003866,0.014949,0
1790543156.6421,-0.045208,-0.049244,-0.009930,-0.020487,-0.045208,0.000000,0.115860,0.000000,0.426435,-0.004521,-0.009043,0.003634,-0.004924,-0.012907,-0.002655,0.014976,0
1790543156.6566,-0.046522,-0.053051,-0.016440,-0.026133,-0.046522,0.000000,0.113644,0.000000,0.457854,-0.004652,-0.009060,-0.002728,-0.005305,-0.012926,-0.007901,0.014452,0
1790543156.6710,-0.053135,-0.059132,-0.028195,-0.031552,-0.053135,0.000000,0.111002,0.000000,0.489101,-0.005314,-0.009079,-0.013803,-0.005913,-0.012948,-0.012692,0.014374,0
1790543156.6861,-0.061865,-0.065399,-0.032644,-0.031972,-0.061865,0.000000,0.107781,0.000000,0.521905,-0.006186,-0.009102,-0.017355,-0.006540,-0.012972,-0.012460,0.015090,0
1790543156.7011,-0.072882,-0.070375,-0.038577,-0.030045,-0.072882,0.000000,0.104175,0.000000,0.554330,-0.007288,-0.009130,-0.022159,-0.007038,-0.012999,-0.010009,0.014915,0
1790543156.7158,-0.081428,-0.074627,-0.034697,-0.029143,-0.081428,0.000000,0.100231,0.000000,0.586372,-0.008143,-0.009160,-0.017394,-0.007463,-0.013026,-0.008654,0.014739,0
1790543156.7307,-0.088244,-0.078291,-0.031714,-0.028247,-0.088244,0.000000,0.095884,0.000000,0.618830,-0.008824,-0.009192,-0.013697,-0.007829,-0.013055,-0.007362,0.014931,0
1790543156.7458,-0.090503,-0.080858,-0.022782,-0.026290,-0.090503,0.000000,0.091186,0.000000,0.651528,-0.009050,-0.009227,-0.004505,-0.008086,-0.013086,-0.005119,0.015041,0
1790543156.7614,-0.089807,-0.080853,-0.016904,-0.021194,-0.089807,0.000000,0.086015,0.000000,0.685474,-0.008981,-0.009262,0.001338,-0.008085,-0.013117,0.000008,0.015615,0
1790543156.7765,-0.087222,-0.078094,-0.012871,-0.015462,-0.087222,0.000000,0.080788,0.000000,0.718230,-0.008722,-0.009294,0.005146,-0.007809,-0.013147,0.005494,0.015068,0
1790543156.7911,-0.083011,-0.073595,-0.008883,-0.011194,-0.083011,0.000000,0.075599,0.000000,0.749645,-0.008301,-0.009324,0.008743,-0.007360,-0.013173,0.009338,0.014451,0
1790543156.8060,-0.076692,-0.064805,-0.004522,-0.002289,-0.076692,0.000000,0.070016,0.000000,0.782612,-0.007669,-0.009353,0.012501,-0.006481,-0.013198,0.017390,0.015165,0
1790543156.8209,-0.069119,-0.053137,-0.001030,0.004983,-0.069119,0.000000,0.064447,0.000000,0.814975,-0.006912,-0.009379,0.015262,-0.005314,-0.013218,0.023514,0.014887,0
1790543156.8357,-0.063636,-0.042201,-0.004597,0.004826,-0.063636,0.000000,0.058899,0.000000,0.846987,-0.006364,-0.009403,0.011169,-0.004220,-0.013233,0.022279,0.014726,0
1790543156.8501,-0.063476,-0.035912,-0.015443,-0.003871,-0.063476,0.000000,0.053427,0.000000,0.878619,-0.006348,-0.009426,0.000330,-0.003591,-0.013246,0.012966,0.014550,0
1790543156.8648,-0.057780,-0.032559,-0.003548,-0.009639,-0.057780,0.000000,0.047979,0.000000,0.910431,-0.005778,-0.009447,0.011677,-0.003256,-0.013258,0.006875,0.014634,0
1790543156.8801,-0.060389,-0.030965,-0.020664,-0.013217,-0.060389,0.000000,0.042435,0.000000,0.943432,-0.006039,-0.009470,-0.005155,-0.003097,-0.013270,0.003149,0.015180,0
1790543156.8948,-0.061755,-0.031658,-0.018434,-0.017849,-0.061755,0.000000,0.037175,0.000000,0.975661,-0.006176,-0.009493,-0.002765,-0.003166,-0.013282,-0.001402,0.014825,0
1790543156.9098,-0.058310,-0.035583,-0.008391,-0.024776,-0.058310,0.000000,0.032101,0.000000,0.007966,-0.005831,-0.009514,0.006955,-0.003558,-0.013295,-0.007923,0.014860,0
1790543156.9248,-0.053339,-0.042431,-0.004848,-0.031357,-0.053339,0.000000,0.027262,0.000000,0.040321,-0.005334,-0.009534,0.010020,-0.004243,-0.013311,-0.013803,0.014883,0
1790543156.9398,-0.046859,-0.047883,-0.001309,-0.028995,-0.046859,0.000000,0.022665,0.000000,0.073010,-0.004686,-0.009552,0.012929,-0.004788,-0.013329,-0.010878,0.015037,0
1790543156.9551,-0.038907,-0.053766,0.002000,-0.030162,-0.038907,0.000000,0.018293,0.000000,0.106562,-0.003891,-0.009567,0.015458,-0.005377,-0.013349,-0.011436,0.015434,0
1790543156.9698,-0.030450,-0.059966,0.004542,-0.031951,-0.030450,0.000000,0.014473,0.000000,0.138693,-0.003045,-0.009578,0.017165,-0.005997,-0.013371,-0.012583,0.014780,0
1790543156.9846,-0.027655,-0.065700,-0.006573,-0.031827,-0.027655,0.000000,0.011105,0.000000,0.170221,-0.002766,-0.009588,0.005781,-0.006570,-0.013395,-0.011862,0.014503,0
1790543156.9997,-0.028843,-0.065221,-0.014805,-0.019006,-0.028843,0.000000,0.007983,0.000000,0.203601,-0.002884,-0.009599,-0.002321,-0.006522,-0.013420,0.000936,0.015355,0
1790543157.0143,-0.030176,-0.061373,-0.015377,-0.011641,-0.030176,0.000000,0.005471,0.000000,0.235213,-0.003018,-0.009610,-0.002749,-0.006137,-0.013443,0.007939,0.014542,0
1790543157.0294,-0.032534,-0.055694,-0.017537,-0.007811,-0.032534,0.000000,0.003335,0.000000,0.268213,-0.003253,-0.009622,-0.004661,-0.005569,-0.013464,0.011223,0.015180,0
1790543157.0442,-0.035047,-0.046942,-0.018249,-0.000380,-0.035047,0.000000,0.001752,0.000000,0.300291,-0.003505,-0.009635,-0.005109,-0.004694,-0.013481,0.017795,0.014756,0
1790543157.0587,-0.036748,-0.038371,-0.016843,0.000400,-0.036748,0.000000,0.000684,0.000000,0.331815,-0.003675,-0.009649,-0.003519,-0.003837,-0.013495,0.017732,0.014501,0
1790543157.0735,-0.036223,-0.032759,-0.012221,-0.005412,-0.036223,0.000000,0.000101,0.000000,0.364004,-0.003622,-0.009662,0.001063,-0.003276,-0.013507,0.011371,0.014807,0
1790543157.0882,-0.037272,-0.029009,-0.015541,-0.008778,-0.037272,0.000000,0.000000,0.000000,0.396002,-0.003727,-0.009676,-0.002138,-0.002901,-0.013518,0.007641,0.014719,0
